-- phpMyAdmin SQL Dump
-- version 5.0.2
-- https://www.phpmyadmin.net/
--
-- Host: 127.0.0.1
-- Generation Time: May 11, 2021 at 12:20 AM
-- Server version: 10.4.13-MariaDB
-- PHP Version: 7.4.7

SET SQL_MODE = "NO_AUTO_VALUE_ON_ZERO";
START TRANSACTION;
SET time_zone = "+00:00";


/*!40101 SET @OLD_CHARACTER_SET_CLIENT=@@CHARACTER_SET_CLIENT */;
/*!40101 SET @OLD_CHARACTER_SET_RESULTS=@@CHARACTER_SET_RESULTS */;
/*!40101 SET @OLD_COLLATION_CONNECTION=@@COLLATION_CONNECTION */;
/*!40101 SET NAMES utf8mb4 */;

--
-- Database: `alwasata_sahati`
--
CREATE DATABASE IF NOT EXISTS `alwasata_sahati` DEFAULT CHARACTER SET utf8mb4 COLLATE utf8mb4_general_ci;
USE `alwasata_sahati`;

-- --------------------------------------------------------

--
-- Table structure for table `attatchment`
--

CREATE TABLE `attatchment` (
  `id` varchar(36) NOT NULL,
  `createdDate` datetime(6) DEFAULT current_timestamp(6),
  `lastModifiedDate` datetime(6) DEFAULT current_timestamp(6),
  `name` varchar(255) DEFAULT NULL,
  `file` blob DEFAULT NULL,
  `file_content_type` varchar(255) DEFAULT NULL,
  `file_url` varchar(255) DEFAULT NULL,
  `createdById` varchar(36) DEFAULT NULL,
  `lastModifiedById` varchar(36) DEFAULT NULL,
  `employeeId` varchar(36) DEFAULT NULL
) ENGINE=InnoDB DEFAULT CHARSET=utf8mb4;

--
-- Dumping data for table `attatchment`
--

INSERT INTO `attatchment` (`id`, `createdDate`, `lastModifiedDate`, `name`, `file`, `file_content_type`, `file_url`, `createdById`, `lastModifiedById`, `employeeId`) VALUES
('1d609a77-5e42-4d7c-8067-ca19b93cf5c6', '2021-04-20 23:47:49.376270', '2021-04-20 23:47:49.376270', NULL, 0x6956424f5277304b47676f414141414e5355684555674141413351414141474143414d4141414453307443764141414141584e535230494172733463365141414141526e51553142414143786a777638595155414141417a55457855525141414142515a48524d5a4852515a4877385848786358487838664878556147684d5a48784d594868515948684d5a48424d5a48684d594878515a48685558487741414145636d6d6567414141415264464a4f552f2f2f2f2f2f2f2f2f2f2f2f2f2f2f2f2f2f2f2f2f38414a61325a5967414141416c7753466c7a41414137446741414f7734427a4c616867774141662f464a52454655654637746e64746936376975624d39447a38353633502f2f7461644756564632776b6857346b76623030496b586b4141424345516b47516e2b582f2f64384462776363422f796b636d2b344e34654f66412f354c4f44626447304b762f51482f45527962376731426d65375038664f662f52796237683368343877446a702b482f6c41637a335476434e70302f2f76336e7a38367149377a6765662f32485848706e74442b4e41746a713739502f2f38653577505066386e4f444c6465344b653665514365414678313976764f4f392b2b73354363447a5476535877544f666a7a7a2f2f456e722f31654869714f3959612b73646d653539775a6e4f6356654f67444d344748636e487657643669505476545534307846334859545653623754426a7a712b3951364d506d52366434586c726558624c37632b484469466b64396c7a704e4a5472316a37655862776b662b414a2b344d424c3033376835342b6a766d327479746b4f6c43724f49394f39492f446453376d426331336a4c3030413946486673683646536d3946776248703368412b6e4e7157557a36523572392f55763835366876566c45353351616d70343868303777682b65366e6352705a7a2f4857546550792f4a442f64645237314c5771564e6139764a325268454d656d6530506747796c7841446c46432f6f3865376a6c7a784c41485031722b7347414d315948716537496447384a493950464b626a33555268575136346962496247633937522f3357666c6a41794c333068787459384e743062516a2b6e6b7966777047487641504b5a5576776947442b5648483264762b696e636d344c7775336a63376f3368644d3355765477456539494d42343179464b6f74734d632f5a2f31336150477647713754767649644f38497958527841506b4b475534644f5177493164703961686a564f7949692b4e482f53643950644c774f39726453614e753847506a49644f38496561626a7155504f494d415445715a504e5236697141325655662f7a5577756e6a364e2f716539766e2f6778547256774d625071342b336c5734497a48533667687a6f6e7566476972526c50486b536e4f41476f7567394979714f2f3152656f66576266396f30354d743037676a4d643854684f6f744c527562354257704d4871624b66454c6b64785032493472775842764c6830662b2b44387274324663497461694e4f5462644734497a4853346968794372715531504c5878435738377847622f3530353257596e786a785363376b79682b394f652b4b347261462b765a694734646d65346459666b74412f776859546b6c747a38477534637761766254753769536e317a5553656f4c7a64482f74692f4c4f5a61706c356a324233447232485276435034744130434f67684e3052796d3573636b536e58736e52456e386473734f425643474e4d7848662b3472664b6e32434758657266676435704870336848305447642f63466f626d557548305976546849616179714f3048613056304746576a3061726f332f65722b6d435543766a4e75537836643451654b593733307374466169466456796d6252492f364f45792f484148396538537678765a4e6568486d61502f75613971744e4b67704467793356744350716644483354366c3034537165306636654563304b6757776e336649495848592f5979734f6d61347567766665795956687170484f324f54666547344c6558326b442b6b675137435739786f42592b4732353454434e342b6955526d33306e5434427169517753326b6566766b726261686a55375751374e59394d3934375162365449542b514b5068576e6b2b6c7748726b4f33524e65545271304754614c4f71315661496842755a544f6f322f72324a776163676d4e4f3049666e394f394a5354544e554b7a6433536d636b7865746d5069646a31476833774b70704b485247654b552f66642b3762703661354131624379534851636d653464495a2f54345278455a687946794b776131306850626364734257386a484d464a656955366b6153495736574c384866754c2b5669554e3873754f666a3248527643422f7370424633645a4b36364977586c2f4953742b6f6a616f494c4456333338444242526e672b5a4e6536612f7762393730424f38435942716a6f75586c6b756e65455a727036434c4330464b4964703956704442646845794934482b71454f4f4d6854345079564c786e50772f423745454f6b47336153494a6a303730684f4e4d35615246344b596a4168477237424d36527072756a6e654645644e4f656b57647670735075374e4137396f5768375465374d6f737450617a4677504832386a32425443666641467a56542b775354563763662b4a5169744e756c776279456445426b2b65645a744b687554306f6f6e66732b2b6c4e37547a2f426c38435468762b32485276434d7030493155314874736635427430414c423866756639646f725359524a51684c30453468374f42534b39742b7572526133715a4f483268366c31484a6e754859464d357a68634a3147446a356a69484133544e485453446a705a546444594c717a5a673833753030396a5036326b7976667071364a462f3979473771746d6b503652366434536e4f6d537a5043625a4b2b45345852476b506241514764664757586669592f355a474f4f5a7a36476b6379326671752b4b706e46356b6e7a5a454c49614e694f52365a375330696d773073636b314e375338565a33496e37714f32576a6a797436474463555a35444261453864584246467673322f61513447636b4e4467396e42484350367468306277684c70724d627042363579736c765048344d667a49577a366b7a73574d5474554d766a50484a6544444578643674622b756f34594d686e5459684f334e3568336c6b756e6545383077584c7946457832566f71716f5869517063526e416633416c69426f304b76575035454f59784f7377536f6e666f597759336b757a6157536a6241337473756a65457a356d757961314232536a4b686d5a33464b644e45412f79586a52356576456b61446f75526e6357736e666f47364e4f47706a50786b6d766844624e6b656e65456b365a7a6d2f673542794e7a41374b342f41416a57776b787531426a4a593776597a4b722b4a356e49734d69336d48666c426e726355347056532f786a3479335474432f675366513751326a794d77474f454d36536330702b313668485831324c4a756c64656a69416f3667736f4e69366e2b347637535956736c39437a4736516850666a584e6b656e65456667624b54694354752b50426d6d355446704c61486167487239646c2b6353592b6d7168517a546574436638316c4f55446d457136432f754b2f5670304e6474415947686c706c6159394d393562776f65433870435469636231425856776c44754e6b3576716673683277417579716d49366178702f6c797a735a6f6556586e6543505450656b774d557a36484956645473673077332f6b487931636c41344f4a50586a484b534f7a62644257435832584b712b773056486261734334786f724d784e4b44733233584d43317966777a352b696267636643634c73754c7936394e48516244634a686f4e65325135594157386f724a5864356d5974327765375944742b5a4c6f6e68592f4637662f634a394d35692b454c6269537675634d7a694f6f67314a634f5a547467425751775a7a6866736477643049685a4e57516a7870512b6a6b33336e4b4272773858696574306a302b58693478457567614c714a6775433756653241315a416475496c452f634e7a6e59785734326f5672424c363868305477706372764654314f32676677334d6b566848616a39313443686e6950366d584e6b4f5741484d4a614e68506372547433686b50323839734737514f6a4c64737749764750747a703077584a3745725541772f5359423230315138565a627467425841647468713249795354555a373544352f67696d456d6b656d65314b77337876756c656b346b39325330667a4f78684d47565366696f344f794862414374706d4e317979483558796a4942796d375964316e4641656d2b3435515a6551372f6a2f79335572366e5a77656b75446e2f6a774c3748324379584764776361556259445673436d306b5962316f7639484b394147517569596533496445384b3368633855536b32466e5537634b596a45484d53685845565037375a4f2f77784865663453315a6c4f3241465a433032553879335744615674786b64756a623238546e6473774a584c34487a4c682b4f32785069455a3643556e35424e354e792b6d74666545765a446c674264704d7a57726559725a637158304e4a5836556252365a37556c6a6564536779466e55376b4844356769667777787a4e355267566b666c3465376b4c6642385a6b2b6d6f5a626c4c344170366e2f57425759556152365a375574443134577235516856314f2f422f596833666d4f4277656c4e6d6463424f6242356a7839764c7931436a65562f78367753596b6161766e73342f4d6d774e5458466b75696346766a5453423446376244703751364978627448534c7048546f305972694a6674674257497554683976647978635873466b776850686a343233584f434c6b35385830477a714e764242344534346d6b7367646f7534634e33516444344c34435537594156695047776e362b584c447673614177496a447773665753364a7757653666726e6c652f30396e4a4a7048594f74694339345067416752616777624964734149786f4179483763687074703050554e6c396e4345384d743254676d2f72644a563450436a71647543334e446e384649636a2b436b6b32347853485a654f304755375941567378646773396f7a7464494353655545756c6a347933624d43377a723861592b755656473367382b6630396c44386747536b757677457a2f2b3078617962416573674b77317a4b6e577545587844737347644a586d386662796551486639315653556454746f4a2f5435654765584e626f72414a50555a6452494d473562416573674f7956792b5747636c70734b514452352b4f4d4563694f5450656b6b4476415a4a2b69626764385475656f5449557655444358572b3134303256666c753241465769433030617a5056567a3257726650422b443878676d5054626463774a584b52667758702f5473634871497030726d5531786d593678795948483765554673436b786e67414c327143663070334f6c4d666279796347506b704c39726e5032307632456d365257352f4f35637947702f526d714d652f5a54746742624b356e4d76473232424b44476c55544f74786d2f6659644d384a756e44734237384e4b2b7032344d2f702b766571694d6d4a7a695054345454464e6e36583759415659496635616a6c4532573455376a6149746652355a4c6f6e42653441477876763950597937793248573442516c525a6c327359666d2b3443594c702b73426d6a43627a50734c4b616671684c46334d656d65354a495a654e4c5847767a2b6d53312b514c76634d636877724b744f6d7376373338352b4f396672727343646853574d6f6c5361374a62756e626c6955366e756d65466e6a42364e6a3535313666302b554a446a65677a6534624c6338636a446f694b4e734566764238492b69794a35415a5a53676632437648597463304d7772712b4832365a775664746c77766c55586444707a706341464835457853562f476b4b764161657735455a5a75415a384d336776564e5a3676565a6d726e327965314a6b614f4a5965426a307a33704a43336c37347075564f6d7134393446714977515468656b614c426d55375a4a704163654e2f6c574c3051476e547773676d68705a4e4754777a70555173364e74317a67674d6b33302f665344532f686e7a7950683770644a6335664b51664e6e56487567425274676c4559436b2b2f2f72475271617a7453684e6e637957444b654f5553464a2b3868305477704c456c4652314f33416d63364f594f39676a6e7833676f3469737259536a335a67314e713476575359643644682f4f73625866594554575331586568646a55344e6d76627839764a5a6753756b43365451654b394d462f6e32416b646b51545a687033597a377a6a4c4e6f482f6f3673444f74522f6657505644734e6146426731354b724f4f68354b3538683054777135413878464c4f7032514962796b35773978615861704c554536337149417a6a62716d77546e4755364b502f32786e716d457847457a6d6135614e78326e33564f5a73613278365a3754764444464a646131366d6f3230482b353369654d4f51716e67676e30577934427236536d6b5049736b31776c756d6937312f64324e7030584b65596235437234344d4f4f4f79744370496a307a30702b44764a416a3173335366544c66383331583741544b665133696336743645713277524c706b744b2f4e73623632387662556f5873707a416e64367332347171364a5475324854504356776678307864704b4a75422f6c72594252326857533850442f574d5178714f5a4e745a7a715952667a584e33523232524e6f5444734d516f476f4d5a795a73477048624f5351484a6e755355464a6843767469316a553759415041626e366d73497832553656697241735444496570774c39356a4f646545787679716147763744685258625a4532686356414b543235422b6a46504c747546496f51465678365a3754764156532f713579366244453569436c7233424d586e7845632b7545302f61656e7470566b6a774f6f6b4979392f56554b31443158716d367a2f6c4f5a486e4d5136556b4c61727259745a6a307a33744e426e4f6c2b766f6d3448796c42493168527867394e7435586a3638486a6a2f507044356369595574576b466647334e6254434c4c4c4c6e73447069393031794b6e44346c4a643130364661683662376a6d42712b572f444b544c564e547434474e3579595a6e3951576d6e5377745a6b30436c4f75705637594a324c79694535395a5461755752503039445a6465354c6f64734a5134644e5367716c4f4a432b7a4a536777636d65354a776339307575426371614a7542376d3970456867396a7a30684758416735725a34334b6a736b3341706750596f4b49306478384a6a6673624768786570584a586c7a3242545358434f64507834793363486e54483238746e42563067585a334579364a7542387030456b377378566655616c77576545534876315766386332336c7a434730776f50446a667462612f65304b48644568743132524e3037624239795853476d4a6365352f4864793663464a6150785a76416548786c345977784830556e586b56687a706e534b43386e712f7a4c673761555a43664775366370644934516e474f71472b4a647335424c55526c333242445665574d347430622f527a5a69326f536d4159394d394a2b6a53634948305948476e544f666f6e53444d5441377377796e6b4a727950633951475662594a6b756e735a6d476c613878416e4b7258613368566169396d574e39305366617859637870706a77646d4456575555656b52365a375576446a557137682f5449646b4161653468764b38656572364776584d5859683038556a595955462b6a5450454b6f397a577331574a58624c746774586659455769614d736c644a43566973484b5251476d543771596e4134356e75575948726944657a3734713648537a50644261764145336c31796e4c583273554273635269633679545441796e586d6f6b785463444b4b4a4c394f38566b4f6c3277354657556558505945326d526e4e4a587256347a4535676e49506f457077504e4d394c66414e4b31386a786361696267646e7a33514f766937774850794c45614d637430315374676e7954436376773632474441745a454f3547767070397a487546686f4f47326f6f386a522f72747877684846777867586c535679496c6a654f5a376c6d42617a5a535556473367314f6d6931384171764f4170325a774e4f4e765a5a73414f6567354e4b574c69447747465546626459646f676e3375686b2b582f6131364e61562b6c7a3042314a43467931624d366c4d626230756d633253364a7758655876705164437a71646e444b64434f7971777347762b44464a54485a777945713277542b326777304c69764466526f7154682f614a63526e506f2b657a666c3844646150396a7146635a4f524c6e754372473477396862464167574d525537486a307a33724d4156796e57377839744c726e7966505a6a4176704545562b6567634b423232433762424e71383434556c2b51775a626e58345a63464c69526d386672716b7241355059416f34776f6739326833632f6747463143505450536b6b302b563646585537634b614c4e7954334b4143726d304473574f7a4341466e5a4a74446d5456775068306a6875734e4436494f425251387a614e66464f75703365414b4e68574d382f346e31662b7151316374394d72446732485450436270756a7135624c77392f44633530386f484d6b4b314334566f6c6a6a6147365a647467755833365a7a6e6f4a5276716458686c775576525164473841466934304b594241734d556d7a696e6d74514b61694f5a37716e68627759354372644b39504641536963363149516b5030657a754d3656472b2f7662526e68637761712f763674356644444c47426c795a5933335159494e51784955664e59753463546e3173336d50545053666f2f6d534579337538534a46444b43643569675a6a436a636f3432783248796a4c4e73485a37394d426c58614876792f7859504271574a6f765159797764637378487568454356654d56724f454f7a67476452365a376b6d684c775a317065357a652f6e4a49516a4462763778523848436177515049547076374870657049512b735878493666444c41707449363943616e4c7474424c6f646e67427a65765573336a6d745a6753724b76624235446d4f54666563774c585778646f4d734c2b47664c34576832676a4f636f33555836517377664a6454785774676e496d474976666158703650444c416e396132336e71644376674464586843667846426a61566a4d45327452464f5a6f78786a44584e6b656d65464c5176644a4734576e6677346277615457444748596a443150614c3976304167693970353556746776474b3166735747525859345a6346317352364d4950625875485737535770454d734a6e4e302b6d555744634274706f723969302f337a3864476a694e654858694c43375430326e625a304137504b2b494d363354567944506662336e7952676752304447646b767637743562424a483678483075727742466a4a44434a3038354e5a4d4f52345044545658354470654c41346839562f3366645377444d6456323072775034616b714869444a513652306568335550714b32534456626473452b52466968787a4365644a4442312b57616831574939764847304c33543532654149744f52627a4562504262535931615269583571746e75717a6b44466a6a79313930675266433978723055395474494d3969694d34454e7076666f6567346665686d4942655762514c696e534d344c67623047616a444c777473474274416538374c36776f37504145507636476f3857774659416977754f54426c33393769666677786d3042782b6d2f496474705a567767583753696267636a302b583377784f5361654d316d6a51493848616d7a64744c35514b523446506d63572f314f347176416c704e456e634d3468324477546f384161534e5874434835567941545773784946383630326d4a5874414a744359354b57742f386d32335049522b72436a4b74644a4348446d4c7568336f746a415257524276414b694736786a76723968546c323243307a645345735064466e754858785a716778684542796b4b65335634416733357478466b4c644d5038365a445878304e397333774b3265366677693058757079654b5773384d6c3333666c7a614646666747546b685768525264304f6d4e356832464d304a44753161512b6c342b6c745476325562514a646749513653624445746a7638736e42756b4951644c3274315862456a316f6f5655676e6e672f35704736762f77706d4f4a5867355054676263584e62394d54584875304746505546664d47796d747576673774797749617236544a664a7153697763645636464332435a5a4d687854392f43325a626a46497a544757324f454a62447162536e77594d663548302f59566d74786e5736722f75706b4f7879474b2b4f4d6b423273484a69324b45424d764b4f6e7a41566f4731764a596b6c46575539547467417a6c6265566a4d567965504e5268596a6571524e6b6d4f4d393051356f5958332f5459524b765247663943524e31654149505a7645784a525774595261674c633558335852526e796a69737173686c7451486646646434716344644f5936366c6a5a64426e306f753678365379334b74534f6d53776f616163534d37705474676e4f4d74324a5666304f76797a45456c36582f436947594a30646e6d446b516c74747359656c324362496958483838374b5a4c6f767875684a56307043467645443331437a3173344654424e704c79614b2b674369384b4d71696267656b305562697875575954446777317378424b3768564255365a72744c4d2f66712f7846704c7343353746533371446b2f41716b33684a2b49304a61466d675631377a6663524f5635303033306b5a6e67314b6c58374777424547525970624870502b6a7046437671616f6e68525838444c3870572f512b54515a6f6c34696e3531497448594c51722b377557434b397345327277614c31573476516b372f4c495169334352484872774b6d4d3650494532564569676f706e574d48494d6848314338714b5a6a6e643744696f4f726a51416169387a6353704c4c38647a7755673136303973707a7641753277366a425156324364786a77564246514a4f4e636f3267545a7632487959323165687779384c76435451597267436274514d472f2b667a6865727a696a716d4d484673493546674654724e54656456706a744a644271664339454a77454854466635704b6c4f797655797255554672304441796f71364866426242706f374b6d417a7374715a435a6b374c615a6656324435613244686a6c52426831385774424457776856775a564f703265454a504f726c6d7a4d6d6361462b65684a6857526a304e544d647430662f63315a725442374c57353551684f466d6d6e575735366e414b554971537532567443434b664639456b62476f32304675433230393632487255647473726d7a43494c632b4d6f426e3459624a496a7238737042566179584f566261446f742f3675686947786d77784347594148657467494a555239714b5a54677641485a6559664a6250506d49696e626141516c55486e6771736e70516b5152543142584c3173737169626765354c5577596a776b546945485571715959794c4a4e7746312b47455359454765314f2f7979344f577a6d6978665a31347364586743746d544d4a6d7056784b787730527747736d6e417647536d6336494474417257392f6b57306a6e4338646f72664d7055643562705674547a55327365444f3655366552483055414e57536d6f52474962554b4e47716c75324362514d714444307771337135546464762b67307a47426e77743036504546475131397a7144307351304f6764735a66382b326c314d596f4979595865774c68354b6f5a316c4b7666717a37353250354b5759445472516238334b56754341626d5536616533557169726f64654d3862374270354650364d6f67447256746b6d2b4268503176496d654153714e7a4c436d5848322f4a52744172367a656f7566697073674f38644c47756252727470596c3064744d5a6e4d316f7774686d4631396b556f373470664d64505a5a566756712f7a326d656944794f505934357671596e384c32473941556575674a4c4a4155642b41503157327036362f7663774b5757705274344e6b4b4f636c69572f3839572f464c5368426977304449676346645a5137373551375041484759566c377a374a4e6f4b467636583936567477455767495a334776336f6b524c76384d5451493868637338773747595a7771724346304656364174754f713245734c495668566b6355535a7276444c5631565638464c554f474c7a5547385161354e4a776f56616f4947434657774832317a42656742437a6f7576706b574f67334c5547367770594471774c74797256485a35416d3154433935396c6d2b436e637234374f53707541692b48395a7a64434e4474384152594964757568734275627347365341416f587a44546b514e5969426167466178734b42626e356273713870666769586f5574513669347671597571687667445534684b35534a574e436370644d683269454f2b46696f73785756454b307364616762424f4d7a4755774a61766175683231615537466858625a4a686a6a4c6e375a357166694a744271526f49377933526239424a714f324b346b64614b4f704e41673448583233525a69483734396151314f2b537a35524667726b743134394f6f58556b6e71756c4852314866414e716a6e3637504370586b53415258634d656b5077562f6e38667a577733575630745a4a64733368584162436d6754595269495456345a363836704a58464e636c317330472f625054666d50614f3634717934435454613558414e724c4b716a553033434153366c7978375a506745315648424332593672534b337936786e645474705542474746574f33496e384858474b62546b477171485667742b646e61374d3452545448465055466b464f4375325136365566636c5851307a514958484c4e69354b78352f665770457a616b484e353430462f61704b4a4773696330682b46726d374e73452f69614c6c532f5079747567756832796b37614d374c4d4e6a326d30364747795447653354525075563477577473725832375453652f59544a645a7179743241676361507846686961745358554d646f6571792f364e64595950594152325356616f4d6d6d42316a623847636a6548313457565a4570617a4269634374744f4750584b4e6747624471724b5551384a32786b4b796a426b6d764d706c7a5a30456c6132435a7a7054484c6457584554324739456753594356576c316541494e6979425351387752666b376450716a6a6d776832332b746c4f6f654f4242355652583444586d38436a7070462f67703069544756424f3134766849786f4b6e5866513871784a6c6f52614c3252595a584b6134415a787a386f6c6f3444676333517251776a494c652f702f6a70714b41312f7075626c4a35483966445843353751354a353234346957356b6c2b6e6d3655502b69337268646c4270516c64784745506e7168574174576f43497337776349476d42506a4f6f55432b3436644463366d735652583444666d354a684e453672306c314e695678533956464f5135722b4938554c4f6f6269504a5a526c46666f4d4d62464663416d614c69375168656e46596e61457a4f67494f31476d57626f47394252575a6673797961485a37416d373279525159546f5a3879387a4a6e786441753277546f72306e68355068567a5577564e3845583870686b6b3135725157327576646658584734756f364d776775524572376270456c776470316845736438425246717431717a474e59374c68327135416a4a6763617541666e306a754b4763765436786359564b2f756e7864596f72774d3776764b525a5568726a6f32332f6349697762424f5173484571465a61536575747470325637556e3763486a4e364f6842614d564c305537594a6d435045506d796f6e39624d566e455431424a4f343234786d38344f547943692b6c6b34674a525a6b79624d4f456931586d33546a645551516851376976304f744e364748645a2b526172445a6f3562456e513530346b714d3234707030466e4553354b55562b414965537355317742647636544735426958494d6d5044507136546e554b7473456952336c396657776741313661416544702b4e754b316f776c3348734b474d3335437a586c574d306631527665592f47542b527161544966485a374164427148772b52395a344b5343466b796e554456793255364c347259345256734a51487566625264574c79657856594e64686c36453856355751775a43754e7630354969414f694b2b674c325a77665a7258766f58304979486537674b65774e716a325a49474e3174793046704353686e5a316a476536713165454a574a516a47413470536c48724173474b414e416f59545573746d7754694251466f63714d61513755726c726c78752f486453475163366770325068474375716171687a6b307151337a35576d4667334a7933314f4630753433497739416f68477168506c37322f53734a787379662b7a76627a7030493259427531365773524e4a644b7556745158474c6d47565252314f37447a6e3779675273706b51576e46745230445a5a7467504e5078566b3556704d6a484f6a78424d68314862376559304b594e486e6241476d78633351387868436773345276382b327045564e7745304443427031445231613353512b66565139524671625142505a5a68576451726662564d6c78736133357537746547517a58536b757179372b422f442b43675a303132556b677a467a46764b57564a45726e696f2f546b522b666668596733732f4c454f455230744d6c6669633142576a6d50442b554e6c4f74666832487262575a6e4d4c757254506e4458555141315976464c6d636779576f6144694c47725a704a3177304954413458514367725a34516c43672b4268785334744451336b634749587646716d6b2b5945433630685161503462344256346c57514f6434552f324f7737537842353657484f6f6846617774765a546f4a6b774f6f58694879624b78542b6864314f30686b77414d30413172595346366e4379756d516b7678534e6b6d364359615679514e4e547338415a73393138507a314b6178412f676c526b4b784b53644b697443386b676f472f6e32314f48474d69707441524a594f4d644c70594b4d4f543241535077754c49557a6d562b47444163386359532b5a3661533872776b4c4b763462534b594c6d51715648666770794655516762544c516a4a62334772394970315379747172506e394f6c3768357030776e32536772526453677259342f4b41744b424379426b64563136477241444f534b6d47663962346e3436706c68654b55366e676f787774676d6f56422f50524d4a76494349677a344374616c6342375056312f37622b503034724234447942594c2f575a6d314f465a77685474597361754461473231737339303248625846355a6b4b68522f4463414359513669554e69374d4250515a7a696a7a457643544774446139364e6450786a5a416f74353770324f435a383764367277504f62396b455a327568597754717a69763764745872612b343973457071675370594f6a7942337a714b58675a61386f4c6e6f6e474767594c5858325762344d4e33435642476e67356d6a734a5268735a7158787a517238715076464b614b5277646e67445a6a4650624b775049534c6c4d6261752b574b596a744c4951332f6d7a6849314e6b45637858523173594b4e64756a566367626957696d334c47787a58354431527238674a4b6b776b7130546a7357747a69622b465a4c714763466f4f795277363652647446546453726553595163417573624a674f6a78424d2b50494872574146516c6a4d5642735a68596f52426e53616a6f456346494931766f5548425533515a676774506957367863435170464447645a6f6831486f672f4b59454a627a5770754f47775269786d4c6b44592f3051685635456b4339364e2f744f70764e786e4a52374c66674f52562f726434364b5535516c645a6f3669683271614a75423252615644683378716f4d786d7449706b757662424f4d6a436e6e7773364c6f5473387763694d6b527a78434841534f474641495735646a67673862366f68674c5945384f6932316b397a484255335159687a43444b4847447338415449524c4d6f3873316f7a626837615a316d49533742357355794830614b3472576562646d69433556484d53315a6276513739434d544b58436f7543786d68487a57684c666f4c3543364c7936494c55397858674b59652f5375744e34474d3438634c5a7a685059703070764247376869353434786b4e7571516c517867755a3059645351564d34776148473058354c4e73454867324e5368305741484d613157547152314d6f3036323443516142575a4376512b62597a6f7844453161686958774157523455534454757454626436636c4470792f6652726a69765966434330744e65344e34417769726e733278536a4c573836566d73732f47433955712f677449473675474136774a5130616d7663756d5137546a7549356131415636472b2b75672f50714d7278356f56526854574d674d5852344174455042682f4d36466b37443156526e4f74794c4355306b5a554851717465705858364773684c4b476e41315366484a4b614b6d774246645067435a43716d324b43764b32492f6c6373696733652f61686a2f57706c4f476e747833556c746476414c4f4a70333359366d58766d7133646242624d74384842325951594f616a506b4d4b3653536f55477270715049727a4475784552376839764c6d693461454a42476b4d5a6d544c70593244526c6d3841766943306a717672597041384438346a4d56302b566d3059695a776854763277545a46516c7850426c57764f6c704f6472594552466d7566555764657a636b496d4c715a51622f587a52395036526b46537664486738485234524f34715047582b614d394c625470487545614d786a5a68766b3057576d3169576c63622b6c383831766b436443705071333648766f4c70414b3432314e396d52562b66434e76496d704b797a466e55375543624265466f71344e5657656e52316f684c4a686668567561436e7a4e3345704735515a384a42614b31426d466a4870576a35336d70796a5a424d703066375a456e327347576c4559766677364f6b30527a6d67663966424533354a735673744a35457255375049466b576e367051302b3542432b61564e4c34315a3770304869737831555133336b754379544f5a646d6c5a39302f33485834466648724e4b3046647651544946357a2b4c4279646f6f4f4c67433659583772537976794b305359734b6a62415a6e4f776c47574752724d50527551456758553376797441645943723230646e7332336c32504f43506545584258566c714c61755942704e7a39487378414c6f2b45324574504f4a52737a7350387978744241493648694a7444324e7a316b597655533658523441673342454573735370486930724f56334246533846715a626c694f5345526234596a2b764a4745486d485530573259446559664f4c4739453034377047524b456a37787a522f414c475555386b4767564b506a41616843706b4a364654314469437a6e4c726558556b44434254595369384e632f446a45643567776f6e625a4a7041634f46334779465a346e5437444a6d596d4637704f4864344e2b5450656d64707a4e795631654149756f2f55376e316a513461754275533361326c42586f3671596d734c547631536d61324231364a447958596c64382f4f322b2b65446c30316550307633316e4641625254645a32327a6d6375625661556c657371762b36365547684e4e446c4d615778723073686750524567485a6f43796137325a62797941496173734351566c334c4c4e72466d557a4f425735684b7856696947484762616448364e51384945497277676677325946674557356e6e566b747433654949734e383767326530643638396f5077577249616c326c68717875746e4744456b4439505664377974744f692f466c7050337575586f6f6f4b7152504858554770396a72372f70314e39677171536a336548344f78502f55342f6d59594c61556d49676155524c424e4b676b6839434d424673676e4b30596933554758515254526241336a4e494d7169626766356654515559354959787931505a3832744a4d70445672594a65446130546548527a59417a75336f646e6b43626e546b396b586a437553462f445535766d614b6f6c794a55687966494d79776b6f58546e462f4f755162545265696f3632383949414f505952765256766c536d387870776954386663736f524a7230512b3868707637697235574541624f75725056413853716d3943544961686f4d2f6e4b41716c5944562f6257416153326455545559486c6f4d674973774741724278764d6c476f744b7048643565356e517a794b69364469384349466e5a6e4b546c5730436a4d326d67387238535342626d7734437a4e4f4c35306c2f7645427839616c4e346b357573437248677a354b3666726e4758594e4a4e706d693253315a5a4a634f35316a4f6730344361722f5170734f31624d4557566572474d4844362f47505153546441554a776462437433474f6731424b6e71565a2f556f6b7378493566784446454344786b6f6e616a4250326952476e31724a736f4d78517938316c6f31765574364170466c44694b7568306f303646644d6b303058625331666b7a4e47624c31545354535a7176787459384c6d553445794d33465530763944666c726f486d3130385275485432745a585634416c2f39726a47557a48303777794a5763732b4d364d4a6c37614f4f5a30666456387030546c6635446166304d4c79586d7a746c4f5463416e6b556d726f78765842716c586749644d76443974522f6f6f4c48376551716c55476f6d744653474f364e6c4d6544413568504b6856363746614c595845583478624b52364c77764a416e424e2f4f4e4262426438734e4a30326a625666683948303254625757364c4962565a45307762575a47455a54613944725735612b42574b496e30697a513133725655474d695641796c47724a746836384736344e59693359537476796f4f647830444c33554d7833477a624c7372667a367346644879584779724379774441374c676d4b59516457682b7636485052546566436c427032594545516d4d304342566b5039637142382f4e6c394d626e713649306b6d55334e796c312f4e7667564c6f74426c4b2b70323045776e5056784653625474436c71494b6d526c6d3243386a525331567763357251355051475a6336435135306e392b6d3865386e724879527166444533786f6962344155592f4c346b765334617642576c693652644d2b4f51574c5a497956787234766c4f6d6b65494e477259764631624d56666444322b67445135793772726b7a69555a754878766567594f313454394d2f6b5544676c77784c70574776684e34716745526d4e4771617066496f4a77575a5768673156392b31475a515576464a5969376f646e444b6474356c3139494b56346361386c465a567a624a4e51505a506d75646754576c3165414a6e526c4651496a6a53663336624a36616f5078545551616644457779715849755576356c3344576f7346786a5156397054436d576e5a6261714b5869645463654e66494e474d597631564356367567655631306878756f576a352b437a664f7663627a4b2f41524d6879324659527957594f374d774847306b42354d61515844544f5066427051537456734e643544477738563255514b6c456635644e5a34556b766f6f4a584562487a45764a4b597179545a44625253384c4d5969777641355030417a4646496a32484a64532f6e65416e50463472324e5a5134636e6746376b595367626162624456304f4e35634b365a49316535376a306e684131582b715a4473565a6c74797747433536624d6e71484763636230716c35663435643232486e5a4b36557131394d6f4e48653265753479516a6b5671487342626d6c673561494e5132506367346f564f6d476b50596b4842687a326b71354b486f6e643565536d565067656f4e784d786d4c49644776434a365a5a75413647495775446e68554e5868435a6a58784c314b6d66666e74336c57555073374a72496f4c574c724e3832314770626a4256504366385062532b745269316b62515a6247544e33755674512b386a4b624c6f73676270776c69667a3352794c49694a3541714c78395368667773724d5833494161717139676554616579636f4e734d73395131684479485745556a6a64723864442f6665714f6f31416e51694431434f6d326f424977374e756478653077436e546f5a4e5859665763703678723142575a4f3257627745456f5042466b7253396b5274394c304443507554713847357935595065704568322b5875307a344273734f7068576c39634e5834594f5877335667384b61314349716f6d6973545675547639497a6e61496b52734e32785141674d4b4e4862466f764e42466d446d554f7a525a6b4335546c6d774d71663537334e534d3541336b323972734a7932466879345855634b65704b6767627844732b6d61716d4a692f71646b444751666371614a4236696371616b4d5635637566616451577370436a4d72644c45366e52346769794b734a5a3935304a6c683365446463756b33634a30312f584d5446355831755172663776625338516a7a394b726a63457a75525a3055734772624471557a6850546c333141744730634f646e57384e30646e474b654d727745455873675175413368323844464a506d362b4c5044744244374a36345171672f54576d36546d50794245446170646943784d7977466e5537514455725877586231477a4f3839535a58436664736b3251783277744858466a63634a3065414c524d35556d38615663556b4b4864774f5a376b78533142537577784f773264484f6979476371454c6a446c384e746f4b745a634d6876737354424b47536a6764654a744e4a6257754e665973616b48752b6359665051745830572f37767741346e49737179664664794e56636b4d43455350424f4334434236663655662b6b4b5247536e57704836475a465259317850487236454c4d4669723944535a6569377a614a4c566257557530374f346b774378646e6743356f335173346171447538474d5556454a576c4f58594c317a613468564c5379317043376b462f4d75775a496c414957542b6879425062796d4e4d4e61716232774974734f7176656b4648554766696532577632436948644d4b696575304a3575684f5979342f7462384d6977704d796d5956396b78514666704e707056786666482b79414f525752624d5564547667376b41484d646a6130616f664c6f6478624b634e42524c754c437458674e346d5056537343756c75654a494f3777616530644457786e646c6d52767a616877534c3547416d6e7564446c384e517a72577768424c4159794774794d444c355070704c4c64567358336676736e337532413837332f337834774a52667955736a556c52444e397564794477567368646f362f586f79725552724838374d4172586f6c3230437958474168316831387333474a764931676c77567266453831754864414b736e6a70513056485634676f78714b563263726f66364e3779396a4c6861533970594e3364524c67306278774d766b756d494544587348514c2f3230476578524b516264663453746f63365a464933433362424d34676369634c4542303969673550384f467054394d3534327a4958774f654461325a4532786c626d3132504d664b6f575757546266445677505362537542616839464443743678625455665a464d352f73684a37766268616333687478654c6b586367635052476a504851544b3264647532734f6365493646394b3950356b616679785a4e5768336344716c6e584c4948545659636e5943707a35416944736d794872775a574d63544c444a545768376e6355424d64686d566659744d35557356554f393944484c4146765031724c4c596279423947384b2b5a6b7a3438704c4e73452b5336494370736f39506843667235494d523943457a56346431772b677650716d68704b61796d77784e386e4a4b7875634a34752f69645237566f34696d5776695a7947525670616567314d7032553756333463584e35437a686c75686856486666785a6630553351632b39636f325157394179434936484e426832387830495261496b675a56683365443261716244735367774b7076614978702b3153565a4953694862346154754a5665515a74726652746c475134676164396a5579486e72356e5633306b756873417434584a445845436e39707850474b424d52714b6a47786b45493837694a734e554b2f44457a545463624a54714d587738304461655856534c6a4c583539553049394e6b62634474417267586c4c583078724b4835364f6857695a71377855796e56516d506e5964525235774254546a794a774e794d5269336c3769464f375952304b686f3277542b4d4e45655a78397979466568316f646e75413062374f6f302b7250622f4f73496c4e483979467a6464346f61434c6e4a452b726f384e5851395a666d3745346a4b416a536e7065734a6c5a31664e764f716e71574f614648496e754676443575356432696852796a6e7861304675322b4d6836426d4577497678484b48324a784e2f684355377a4a69384d582b7a776269445465546259746565615a62626d6855524538456a547447363336536f656d547237645361767a524f437836543845702b476e6a2f5445532b69503476363865332f41642f4179446734434163464a725a7a4f4166496b5733325049365562514c4a4b5a734f69456d59776e5234676c4f6d362b777165493773384734515731524c7a613554597a317a735132597a776f796656665a3461744267723057323843376a536d594e5676506b77324c432f48736d38374b5a7a30716a6b5233453167795467393767756f674466684b5045525632535a77786a6b4c3679363236444f76353871424b2f37632b5431764e5979536d626e4445797a7a6c6d657373734d542f4a4d2f63545839644867436d3841545242476b6b3936696c526f67546a54506e756b617971537139533332674f76674c4e4f35744676517753585951434177664c746c6d30444f374f3047712b6a4c74506d4e464d314c786f47574936304f37776178444e5753373352735a557752574473645852336c4276304b64486943474d344c47756d7453525744744a4e734b4a4a6e663374702b336846524f456a3064304969507745336958343575576647746c376152767462746b6d794c50565766716970364c4445797a7a6873477a554852344e2b5274354f49626c7269564d6633626a55774a74616545643531655676674f56756b78476b7671716a704a444c4a6f6d55566a3661664f64506b594349585258446d382b414f75424765633541726256676574527552344d7748616e724c686248366d34774c4262566c6d327335305a2f4f36304e486833524447666b553757386b534f7a7942794c72685749306e747149646e6b426a4770324f44666e384a6a5069495278576347474c426757466d697166654e5070456c6e4c4a596763696535474d44494f787055763269486c49396959666461516262765432396830766b412b2b49474a73734d546e4d304c6d616368394864344e2b5333426c414e6356454361523265774a346b4b74333677574e4665513772384152657a5879733032745a5874695a575a63463172374a645035626b632b6236666f36576b7069495472486e7273564c426c48726c522f4a434954696245342f625057317530697a693836757858584b66375634516e4f4d68316b4561356d683364444f546b31657853673365454a54434336544d376333695a626d557645303747717039586f7774424b5065595271486254536934457a37727072476d73366e4d6a6a683377557a686c48486e2f614f414e6c42354a4b794e624763512b4261306239692b56485a3767504d4d796d77342f4e585a344e2f6a76574f716f4a4375774a57643867305630356147312f7375324445667935374c444532684e4d5a74716d7934314767373744727379384c535a546f716a49397271704f7241416466446b6e454d65494a4d4847385a45546b746a327a2b506c30387a4d51493042326369673550634a5a68595451676f4d4f37775850365a4d716f7653564851336d5a474237327077563065414b4e576136356b4e395a4f6a7942463438476c642f4a314b4e5075774b4b6564704e4e38494338594b6a2b414e75414c6b747247486c42645179646e796d512b36455a6a4f444f422b476a5937336159636e574f61467a4b4c44326548644d483572414e315167584e4c6a765155645362556f646e7a594e6668436249314c4c4c794b6466706f594e457579307a3048566c2f2f555141686a562b62535a4c6e6375714a716936414e75416563765150516b31796152665869506a75616b5457666d535964383643745641616f36504d46703372435a5437304f3777597865744c49535962646b744e5a595767547a67313672344c6370425a543942316b6879655178454848716b5933453157452b34784b36765065586a70694a477a38752f3976697879774178543569626e4566416666302b4f472f4b546832475a6e624d505a6b756c4f444a79674f6a78423537584d6855324e447538472f74777045354a466d425a76526c61484a2f446e656c423652594e7a6e643469546346714d676e74446b39674d6b466e6f4336625a764e594d4a373669622b523470655851425a653741453341526e585875427138536b31484b474c6f657059325362774d3530325141574a57725771446b2f516558576573656e733847375158434f6c4d4333434e7557594c6f584f634c4c53446b2f515a554643696f70774e546f38415851366c686d6b6b356d426b324738624865656464505a43524a716a772f46627733614c50493932356363675576497a476b5634356963504c6535695553652b503248357a6b4c334b4b334f4a396d61376644753248386668775435383931576f584e6551633979556374706c326c463455335345757a62656d5a555375525242726d42444b73714c3561506a542b784a6d7565717375366f426267544e4f73344d3977575a32307a45374b48555a5637647345334352474265745839685a6a4f523265414c50617861346d4d666448312f674f4162364155797074636a424f7a7742437059464a6962652f4b614e3835736c69747770697031306764353245356861702b71737a6e304c5350703736732f707043666838486963757a6d635a37726d437a55536f3045466f634b647263774675646b516b4d536f73384d54654e374d45455933667835562b3647385653655a744c6b78622b6b35574a532f7462563575796a563874427246586b614536624445345465504b677a6e74334d5372743954736f6e7a6e534e784d6565757a31673350684a4972474137454f36384875364f42435133566532435a43546e4d415263636a743841535a4e77472f70646b36764276476a44367a48344456655455656f744b78706b31364b45507246576d56317262444535674f4d6a564d434c737852513462566572545a726f524c746f2f34496151652f632b757956664c433061497a7150335665324363614c45517577737745584d6b374a5569615a644867333943306f632f72492f42735a396b52765262306f64547338416276445355375549593632485a34675953714b704a4561624b5577677170306e6a6a544862655764774e656743674779785649504d4f7238424f3331416847486d4e38325362773761494f67497241446c75484a3242654f486965436e58535149643367345177546651387a622f2b3363745476676d6866726a42375041456f5777424b644e49357735504149304f4334664f4b73475861534c466f796d6639356c4f6435592f76686f4837414a482f6e457251557933562b6c6e504d4d3443644a337562364a4e4a6155434755434f6d65484a31672b7078745a704657486477507a32725868482f4e4c677735506b472b776d416c534e574465756c3145594b674246726631444267714b794d594b734732764b535673437278314d393050373857422b79453342626945776e513769675a75446e535661497a347876506150496a6b336b4c51457875334b43765446636d4e322b4864304e594f6338656d44626b614d775465645973557478627a3441694c37566f7a63505a34516d477a5377616f49526e714d6a677633796d4576547a50744f3163634474495a6c436831316b385a446b74335279413068542b367073457a6a5477574766636b423374384d546a4e745248794b4848535536764276477645736159583774397735504d4c37426b6c6e68354678663137674a474c524f58527432734751544c6957735a7973735163513862615937344937676a4a4d5137724b643061516e4c303244736d77544b4e4f4a6966304a74386c64644869434d57396565627074316737766873786e51516a6f2f4a75336931416d6c304f7369736b375041476a724a77794c4369364c643972447a6d37444d5579435830334d67376d32485276434d343477795649416c52453454525638476979754e43717337474a2f42416a586838577470455a455361774d304e4f5779776433673138394a443346633464714f366c64486943664534335346747630444d61375a4173447559536f734d546545556d6355364531424e5a7873423459684d656d65346477526e48486b476d343636536843614547336c61436f37576c6a4f62427a6d446e5432346b656c4752676854336d4c2b2f506253302f67547855354c705a384f542b4278672b64317a5562713841526a2b566a416e4a327377784e4177333643504b633574642f3865345057456a4535582b4e2f47527877592f426d49566e6742556c4f3852704458616465776e445a4a73694c4646474a5633355a3676564e4e44366e49386d4a6a6f336a646f636e5548425941636d78746e304f5a5649645a5a766734302b65306a717661786737504148534c46564330645069316533774242714746684c503442364d766c38495034495170383652366434522b6d7a6c6f766e4d6271625344587362574f4b37396c485a4a6d6a6d477338763571445434516e595250464f54383970442b33774242715447333839484373344e42327956466670736b325171614149715456563265454a68737a517067625234516c45547753544c535458423559775579744175717645514d656d65304e7770764e3533716776363554544747646e55564732435a4b35484d5172523330314f7a77423835725930696d5342546f3867542f5873324b66477371765454354a7241596b6c5730432f71614b2b4c4c5476473168324e6a736f544f504439746d5935506d56797767455a67306a334b3059626359337775673570487033684647686a71646242622f776176475a72735a48754f6962424f517555775253766b54726332336c79487870336c4d42392f577331683063334857384a4f6a63347272735976574e3456356b4261655067367566344e46777841694e57765466744563485a344161712f4d66494e62474a52467753476d356248703368424f333445634a2b3551317941634535454a7a656c755a4a4377326264537737314f4c794a4c486450574854733867544f554a516447497a6e444451736b79354251796a59426e2b7546306a786833614450544242575833617175446f384164535371594e574c466b4e3163364b4c536162384d683037776a6a32576f354363774f2f7a364c78556353754d7332675a384e6b78444562782b7a5633563467747a573168655237516b755a43687251444a444e316f36325766756542746c596f325562514c544d71556c744347314f7a7942426f667368596c4a4f6a7a426b476f6a6f46793546544d616c4151684d654c59644738497a6a674f347a6e73446e674735784b584679395a3330534d69797a35545a532b7a3976495842727a4e465130504d48574a6a574254696361417a766863365a6a57504d714e3564746775707046644657584e6f5547357375736a314a706f3061485a34676f353873575133684e78497431587a79762f4238775032677a6b7a6877784761754879655059726d32615273452f4273614245346c74334c6d324f4c33744d784e2f4d686e6f6b3650494747516d472f3951547477555578644857396e756d3841555451644777424f6a6f3867536774453645304d2b45475065545151696669634b734f727471357a6569523664345239457a584d4c34455a4c6d43584550316b6a324364726473452f6a3372794a68624358317475696244696a6441445a755879557a68346a73312b337052433935633352745862594a2b6c39374d6d4f7a4d5565484a3441433271674a5a486b646e674378614642716970456e536345525646585650544c644f344b6636527a47385167375353493039524b584f6449743277526b4f75634456614c30675a774f542b424d5a38467469494e5a4f6a79423550714e5a5854466655476b394d7965664e4635362f667059474f744c694e6a5931374a6a346f365256716d64586f7666466b5332706b423649414657596a4b59394f39495842374f5a4b457645412b5a59664a77343771786d5737436269795455436d693567346d486839644867434d70656b57765969586c57484a2f437a6d475532592f683061556c4c2b6b686175535248584454634d582b484a7a4256556e696d6372472b4c70505969756858466a676355706f456835446a6d653439345a5368694d7679427677446c35426e4f42616e3266464c6d5134362b397a43332b454a78724f6b79467950365473387756414158546a524c44643679323749454570716f477754614577306b71584e4b595a465a6f636e594e6f59534a506b7752623672597a733956684256576a6e4a42316570744a417350534f5466654734417956354f417772494f455139632b343463374f54476469356b4f415252784f4230626d5175352f6a364b30346a46553364344176362b4a664b716c6b6a7036596475456b676d3757724b4e6f4676617a2f4c637433684354544b49323530504f50723841516174564b39503742324331745967307a76794854764347516f5858317446474b76334b41656b574363506b334861666c6532535a594d69612b6c4a694f754131365378655a5a7a664c64715a4470584f314b4148647549304657456a6b6c5732434d49725763377279783330646e6b44445758726d6773455464586743542b354365744159383847594b6233597a48786b757265453564762b4b704d6a484b666c4471434a3245496137444b727a725a6b757668537857316c787237724647534f7a4e376843614a6e564947776b376d4669497079525a597032775236706a4f7448362b596c62366777784f494c67737158326259704c6449543248744f6f5062316c2b46613951384d74303767743965326855617a2b6e6f564f2f553868452f4b74734535356e4f4b6337694c7679465a35456c4535776d365041456f6e4a474371565a4b447568796778544731573243544b656848676d61325065554a62505536427a68796649717063705949303136486a435a45344c45753759644738496976794b77516e4744736f2b43636e7030617244795657324e6831377a6e4c774a686a63372f414576455730664848594f6332335357396668716f73596d56437068737261454953716d77546a50393955456e716f4f5836764b553042334b5a62657374612b6b7968657677576f71426a68455552365a375278675a68307242756237676b4878714f576f7266776c5274676d613664695a6a76426d55722f444535672b45367467467848394e7a4e555664455a4669716d696a4e6e4265317466766379354a3453646d52737a5175645834674f556f766f3841515a7a5279567271713664305949314652356643506c4c55484f723579526b4f784d46562b6f6131414164523931797a62422b4a787538636f324f7a77427437576b6730345a656b47484a30686d484e4b746f64315a4864554959734d4c61533232626d75747053644479506853536f636e51436869505a314a456239754234535832726f7842774a6375787a546d2f4c49644f38497a6e522b62556d566d6c78467a3655506a376f6f3277544a645045763836573534667878514a46614c735273674135506f4f476b55457676387849645642364371695439736b3267575259746f5a6653634b335444374536777041354f6a784264444678557a6b3845554b4c61594e5651325448706e74442b44625432532f6948656d784a786a64796c792b6d7852582b465337312b454a507079654948596d34666c4d50727042443355556f584c544861756357656c616f44426c6d34434d4763314d3731746d75446f3867616b476a7963495334636e51454d553867777066587156616634627857333249394f394935436835416d3456554d7a446c782f646e544f77436a4b4e6b45796e644d4f7a497548645869433561327070345053354e76505971584e6b587a6e4a46316c31564f64525a5274676b796a4d2f5470694b334445306965614d6f54557646755a47544954424f74636e677574485533696c76776b656e6545664c356c354f5563356d6a65666f616f4d4e7054334a5274676e7944524d4c634d614b6f4175336c364c3364414a2f4f555538485a37412f344d6778437158686e6e47624b6f6b4d70715862514a6c75675155794e3151495a594f543441733055486c2b623143495473386761675a313246467241776930473278634a704950444c644f344a666144684c7556525059626c4a537856746e615a785562594a6d726c4f376d54717264764c38534470417a627a6433674361784e794a6e476a6e4e6d4d366c43356f5a2b795458432b7171365a596f766575365973616e6d576a576447526e3267577770704273717a6564684e797a6f32335273436b583934794d687662615364766d68637244726e54794676456646515a7363746e5270754a6e384e2b6d7a4965536f306359636e7945366d4d485673496230375045484e356f3261715a42413134674d673037494f544c644f304c6658746f78744b394955714f426a33436b48376a68706d756d7334655351616a584d386974344878564b627a77396377317371465a6f696b38485a37415a684e426c674e356d476c58444f304945687962376733427a315a734a2b63796f7267384966335441776e39497370324e587a4b644b6f7938667274364b30672f352f4f6b3356706d6c794e446b2f514c5349467132745a4f6a794231794835504b316d54534a576b37644c6e6b395678697a7979485476434d31303968514f75555037636775385a4f6e547564326d614b617a634763412f4844446d5738466d6f68355054487255632b5464336943454b705142625772445473676c51324656415362555678617048727761745172547676596447384965597549462f7049447368707033434150343366634e4d31725870536c5370756d556e586f502b666a71585163492b66446b2f413072312b512f5464736b4f57592f6d6c4c44757a2b6f62367447355652365a375233436d3479516778306e714d436f4979506a49474e634f4c4e7656514b596a39756335687a50546450687534436b39557a4a576a6f334d5a546f4b31364a453461334d4f465a43666c504a6a76594d486b46473553546a487076754463475a7a756b4d337941496e78396735614d4f335052756558754a75453642436d72686a52322b4779795a726b764f73543576434b796c5468764b656e6434416d633047347a562b4535534c6468597236724955796b396a6d65363977526e756f527858494c6f613765776e33514d584866474454666470796e696f5a716c7733634454644a4d5236354a795637713841516b4a4662757037413869396c47485a346777313662663846506b396c774e57416d395078494f35377033684b6336517a326a65536563524351387a53534a4b697a62466444626d733752553750336547377766492f787755706b347336504d4651456c712f632b6c62317735506b4756416e7963344862476635544266374d6d615652365a376832425a79744658514a766e474b6b4e44614379675272674d4662336c376d447339545343346c6e513766445453466b382b53655a714c4f6a7942614b79586456514442716f4f543144694d4d5765766e31594d4341317435396c68547332335275436e363177694467394655486177646b52755a4864564b4972323958773454395330696d792f397a74384e3241544d66454b6274674e54733841647644354e4c514a71486573454e576448704657664767692b6d63716f512f4d743037417339576964353866697558734666594a3978755a473973767558744a536d6d5539674a747a50497255417a636a2f4a6846367a4e56436e77784f63794964684d4d33474a7456594a4c59314f7536625063682b5a6e6473756a6545764c3345472b526363712b475a5a7769385a6f78782b68745a2f73702b5066766b4f764a6d4d57396d386c66673548704e474558474255365045485672483573556a47713265454a59696e767035464e76554956535a6464614a2f346a6b7a336a6a4265614469692b2b6c47625a334a51786e796e764449545a2f706d412f515a446d59704d4e3367797a5573326168686f322f71624b514f784f502f392b3676756c7371547a4f69536b723946363141625053494630666d2b344e345a54706375414a38684535466f45396738736a6e71427356304f2f6b594a674a6745492f33642f6b584b573654787864466a66524355336262524e377576774244486a45447a4549344c69664536336a307a336a6b4447615a4c68554e45627a535564674d56444e4b5464574c61723466524d702f6f732f48663462714170736a527954743867636e523441712b39536c7042324c522f4f6a774274434b4c344d617732732b7248494b596b3862644e78325444536a71336148574d4251315159634e5264304f2b70766a2f7534394a7834444b746b74486457346b763836534e6d7568724e767046693854703469372b34585a2f4f4f307a6d6f77784e594f59696764537437714d4d546a4a65797959656477444c63473531593978475a5474477463502b4939694b77787952334e64743465396e45356f3763493537466a446a4b57586775323958516236534d715a6f2f37682b4d5435507147417655346a6f386757686b475a4f48707a476f77784e6b4e4f7568444f39383277415a6a3944337a3352565163657836514a37544c4b4835746667337878665874473549332f6f666448794d744d39643870324e537776634453563570514b32786e6e567544316b725048756935746f686f67744d316547336f7961717157755957674d47646e5532463544386830654d3034696e703332474f537535724e7a732f5452667867784759563258677052752f6d33306a7856483757696669372b34556d79364f6b353032443654733877554a75646448514837437466794d465958354b3161354c6154614536414a5371584e612b794e754c3565666f74346439706a6b726d5a54354a64596e3359432b636670326134684f565549796e593173436a6d7166537163502f62532f3547696d6430655670716879665172676d354c534e534e704771446b3967533256424e4d63746850724b64324f3263662f77694765366841422b6a6b315832474f537535724e6d593649374a4a39486163784476384367644f6f66307346744f6b30705548536877702f4876474e6c4c4e6a5765724764796d68474e5257457a33584c35597a6d6569776e616d543652616b57796b512b6f4462793836316f66536277523654334e56735a4278425a76427a46622f6d3562336d774379666356786d386c7371304f393845752b5a523541704f6e7733494c4e727068355a30396138364d62796b35796746353877485a364159596375322b79553652596b4a5830762f5346764c356e512b2f3934706776734d636c647a5a5a6e4f6d5a4150723567524a39487741656e345a7371774b4c775375536a514b62353837384f3377315941354f36384a544d757656416e537756625a336b6a4f6e7742424a723230467430544769756b57616d35456f384944625330644f36312f5575384d656b397a56624d35306a6361743841586349313335534847624372434a766f4d4f54354333706859764b6b716d73532f654666684e654d337167696d5a6a3037566d6b42446343584844574a42687966514941764b3074793244656c72534532344c554837385547663039577564376850656b335959354b376d69325a4c6c75366c616361585a7242325774576e33306b42344b765078754c5171623930335270474f6d70376e617744547950775373445662556d6b42577768445a497454502f7875326c7945514443624e3554547242634c695a7031647550522f796a52524843617455314c76444870506331577a665a4470504a5164744e6f69372b586c506a624a4e674a7a76666a6f3851642b61696b5354324b63396d544835755575444a65527742714a4f7432704e674570734433594952686b4d485a34676978426775664538504f5942705371627a7a6e7a455a6e4f4f39774b46505875734d636b647a57624e6f76694c6b3667535a7a61346c6c346875647371316c7751306b373976545434516d596c346d584e33712b6755365379493947373942777179394f7532673647784676304d4d796d4c6565365443686a4f6947547339554e6b2b5930684e72317a306730316b4e58396169336833326d4f53755a764e62524e4b594a6e42716f356e73356d4d4561556673445158795676444c6a356736504946764c784749344d723346414f5931334462686b74576f736d6364717047315a6f4177704a55516e5473384154516b7861376e48425742686551686955453959424d68787073634a5646765476734d636c647a63594c454d6d56452b4171546e573468507842574c734d63334f7171614a73452f695a626f4c316a4d4338546d73637a4a5770535249414d2b713465594e32566b7470424e564735684a4e4e62554d4f6f497465713970574e4b63776e67324241676e43576f466566394d4e795a585764533777783654334e567332744757376565714a70746d4e3558752b6d515169724a4e774f306c4366494d7a4e6668435a52686d59564a4d70486e3973626e5559676849322f6479476552544c5867774b34624839355155706f6231673550414345436259327555544432324b654d72765a445071646a69315065336e7465452f6159354b356d6b2f434733336846664a43776e6d6564485053444c7473454b436b334f676468746a5a705a3146423766565a4356704a45473765754e46314344786263467030315a6f414d686143585643303342763057644f594a744c56574e5a71494369702b5a686e4f69754d4a6b57394f2b77787956334e78724f5948636f2b6d454e46656f6e5762726b684b4e7345666a59636d636f67427030646e69415a46715a576e534539543055627457376159426236364c72674e462f566d6742796e744b716c4570626134506564474d786b5a354a757a6f61547064515075787a4f7051364e6c31676a306e75616a5a6e4f677550542b41577a544e3247575a4e4c6c4a765939636e3031564f446e4e3365494b525952332f5653587567794e443671436c70364438555a4c624e5a71436d464f643474537057684e6f714f5143434e76743841534d576179736430707434542f50645a4251337a2f545352587272624b6f643463394a726d723262796a6b653244654f7951624d7a59656c434d30463232435a7935594977675a4c6e6234516b79627966544c526b643759777742737435383061536a69424b646e41726334576378315772572b594f542b424244676d32624c586843624e487446784d7174552b35706d4f757737322b50464d5639686a6b7275614c526b6e4d64696874783754674f77426a3547414e705730533748546c6f53794653564770697350687775514d4f4f57546e3851336178527856774c5a773153564b304a5241324669534d452b6f30584b5a614e634a477062656b717a5a305246514c5844336d6d3032544d72516d4c656e665959354b376d6933506450474a42504b52635043744a5469443830445a4a6e446d67744b796b4b6877666f4565717378735a75387a4c395a7a366653415347375655473368716a6b39487a507172466f546d4c714b715133374a72325834346b796a35636f656d74516c497052502b67624b5778786156445575384d656b397a56624d343475766f45614279447730354263446534535a4a7a73327754564934326a6756417264317a49544e3643764951792f4f736e737834696147486f4a7331786b4a51556d31364f6a3168315a6f417971516c6b586c7030472f386259324f683971424a416f494161674762785431413537706d4975727352344233777a326d4f53755a75737a6e52324157657a3836656c557a384e4a4544544c4e6b486c6b4a39454b6a6d6933314a347a4e76484f6264486f584f5a476a6e3233467330714e504d6a4333425636304a7a46444b4c6f33474a763066787877597964664d316d554e34316f513961506558724c564e33352f366331676a306e7561725938572b4567645167566669514a567343415550476a4c5357644430494670353171677a35303345795365354c726c715179706d626c72572f566f4f30756d314561434c6b5248457a7648514b666143757377784e6f4b47734951383667764b595956344b7131514f6536574c4e72516a345a7244484a48633157352f70656d71475247593868644b4f7964534d30437a624250366372767841364c637a597968466c714f644e4e6b546a4375704749653436787553714a4b6544744b517872594e43776530466a41555671504445325347596367635273484c6b7478555234654948764b4e464531474748693533787a2f2b50696e52784533676a306d7561765a6e4845732b2b5162544f6165734548544d48706a4534557556567055485a35677a43755263554a54747732574a476a4d774e326967634330414e425259664f5a7a6f4365585271776e756b7146454f635a756c69782f3243785344704d6339306a6c3661644857525477706f48626a747274746a6b7275617a6665756b55314c6c546463656b6b466d6e355070734f644239572b5442644b45566f363839454f6f337055475a424b50437a2b767145714e5638755559505442454f4664654e48454452636846434c74384d546844697a614e715539497a4d7642456a654d777a5854377a59644b69586756694a454d78743445394a726d72325a7878484852567953667344754f46496c506169584a776c6d324379476b2b504c57324d39335a5936434c3063366b55596b52514c716b2f644d473874537151465730334f4e304f74573671395945317342684a78654244307a68362f4145486f544f62475a564b5952787a6e52494d414a3477444e644e6443555262304b3849554c7734303333523654334e56735a3839304f75525978474a634936345a7a3869676a374a4e344d7a562b43355957683265775052516844415a6f457871435542413479454f713961637452397a506f586c5271776e7a7a6954724f6f3568495375745641646e6d424a694d76304d7149357751327a5a43754b386946764c784d2b645262314b6d4362636679353765336c4870506331577a6a32556f7a3242303436587332436f646f6b3943346c4c6e6b5643615547446d57476832657750546845574766645a7856504a653973696f68456c564768326f2f787539465662553448575677447475347659544552376b69657630624c4970624575694d7870464a484c316772426275576477444d703056746b574c656857517870684b44776d3331587950536535714e6d65634f6b4e2f434d78455a4d346c36526e554b4e73456c6e4e36394950576242326549426c575039787a4e54474e544b64476b674b43324a5243527077626f50646a63702b6e64677541557565536a4e537057684f637a5735657146473177784e456375567163712f4d6e46717236737a6e48745644336c35366c797353764e7a745a57794573597135446577787956334e6c677a5647587141475a764e6777374b394e5a5833335138487556676436504445304176426b38465a43713442377371483668683438646e5166304567787a4565684f446a736a6d5077673859395761774e4a4d3561632f714e585a2f75366c686d454b4956572f4f54736b7149774f4b752b663661797735373274363934667342345236392b6276373238624a4b376d693352684e6a644758536f6349423264336b6930716c6d3253626f3533514c735977467936746435776d306e4f56644a7875467a4c6d5636624a36553473595138516b5152685a436f36485a447132656d5976366c574162424f723356627a5053613571396c47706c5068514b777a6b786e3375616c51765a574f51794a79707a412f32727863634a32414b3636464162306a704e69496b4462686f48554a74326f665a6e624b77316a7150534454525175716f6c344655447247752f6e6e6442644e736f666d3130436d382b6472635936346c794450564a3733314e526f325362673961344a6d684e47654f2f7779344b57355a544e7373685a724974476879657744534261694d5863746735614a6747727a6d4d2b703950685546445571384448502f37353833466a78666559354b356d6336614c2f477778705461796d7a48476e7a653362693950496d6a43523766444c7774616944614844524e6a65494862333244704d32534a78323863704d73514c526e4c54374c337a33535a31366f5839653677787952376148344e66554f6b596f526d492f7045527676553348796d67394a4b61734f5a496247397779384c724972626170626c56586c6836394550477a53647457547a6a6136485975684966636a6e64496d47716f70366439686a6b7275614c526e4b682b6567713937793247466653355057367136586b6948414d365871614854345a63456d5947457368764444756d534e446b396730746f68526844783647616f4a7a5a2b304f2f54615461766f4b6833687a306d7561765a7948535333796e795a6f3662494d2b5763686e6d4c4e73452f45324a35454a4375766b64327a76387375426c32774c4b57633134574b7a44453451366872424a31617452624a454f2b78446d5163393054436d746933703332474f5375357274394579584f57695239516a72754d6153362f413049636f32776368305a6a30374f7679796f4f5667674f556d55525872577339307557735158645a76302b58786a7034487a306b653830776e4947415539645451747966384643503446766c7232474f537535714e54496438706d67386a6e4d6f724e4d5a5875623268674c6576494d33683939366476686c41624d49744a497572316271384153694d6f4d3577755773353259476334546b51633930757069366e432b523657795a51444743496f4269726f45394a726d723262343830366c6f6d396d4d415348336348767a77644f5353676d783931364858785a7148654a48444a477374626f7544657265774b51786746686c536a6656305958304151456d666b436d3834564669646549674769626e374f6b747542756b2b6c326d4f53755a6d4f7a644a4e6f6d68474d302f474d666968787738327954664352442f73475a526c665039505a474c564e4b71314d712b7677424b61427958594952357179633452567045333169457a4876696349764d5a766a736368375a5446434c35462f6872326d4f53755a6e4f6d777a4f79704446565843502b34356b4a317570744b536b366b356f79447666366d3835726968324756577953446b2b5130647242543855786873324b5a57507230586a454d3131325030565254773153642f775549314348794d5548707356634133744d636c657a2b626251727046315a53726452626c4e746c4d35557436474169633530466b63376473722f4744516b6c6c5931323837324549646e6b43444e6f5170533235725242426a746b77616a336d6d303154573669557948626f36616e322b76565338386a4a7563587535787952334e6475536f65784c54475245556c766e315943582f446e36664159706d5751634e72506352654548673562775a563030746d3476466139697334566346513362784c4c77494271696545436d303653616941425131464d443337494150716e37595850616d7356634133744d636c657a73614d6c4f79754e573443674e614b30774251654c6473452f6c78445a48436871435771302b47584264614d3662556b57634f6d73474536504948477561396b38517335766650304672797635304f65365152733856664a64482f3875315936696846674d4e2b753338536839706a6b726d5a7a70704d5853487939676e5a61376a4861442b73674b4e73454b446e6344413466472f5376416c314f483271314a6c613173533676334b6b4d717044725a743050796d6f7a61496e7050755133783346566448714e43456a4d786a4366586c53715439545479453365587534777956334e6c6e7458462f494556735a55615646363143366b316b626d796d385a34474251752b6c4f683138573242303241506b7479334b6a77785059564253365a6774354c57693761502f4a4c444852412f38614742713852415255394d344e2f626d4e6c2f756f6d397865376a484a5863336d544564306c6e5337676674747565304e6e79693971615270526150643137684f72384d76433745427138704631356f323761416878714771465579655272784a43437076765964384934574a724839527a77324b53394c3353314944593076654a744e644e736b656d6c2f44365a6c4f64665a58584d5a3954647648475a4e735a43342f2f35724c506857424f6a7238736f4231744241764b7376434a687358533051783344684e44745a534d70356143664d426d59374a7465553569746f4c2f75504b357a2f46767a72734d636b565a72734d703263364863526d68526937693975616b64736864576d70574e393047762f6b556d462f2b55334873725432624a2b6b634d797738662f734e4b77345a58733673394555647949615038353578756d3866366272394f68663141376745663037755058766b2f346e734d636b767a5062546a6739302b6e51524b70553867435447664d49776b41775a5a7541712b5433644243586434762b5661444c746846696879797577784e6b346443705164565178457341437741484a6b2f4e6a2f74474374752f714574674458557466545848443066673554666548705038776d7a375163496c3177646d74565055764d47664d6832596a553048462f53774a69556771734d764331715746385061575668587562487062436c624c7151777773554a534743616c7669415a3772454375597661684f496e6949656532333534636847464c7a326a6559656b2f7a5562442b4350744d422b58784e307a67474b797a54427433705657786c4f6c4842516a6733677a7533562f6a427745724759725373354b734e4f3254567352667666756e2f73555535637a527449755a5233306868362b2b35474e35793074704238394e4a344745356a526833634d5748775236542f4d78735077526e7573626a314f5132374275382f454f563859787370474f55684d714e584357314f7679796b4f56343957366d742f586875433170653346767270706e764e356b6d6a30745a41723767457a586f4b6d70693171465a726b79634136396738695442686c5034654a314c2b30656b2f7a4562442b47376d6a4f786a444e524467327a683156744e4d733277533876585430486e4538624248357773415373713768632b3674326b484c626a5949745331674e34345142494255462b786a5071665468467a50532f66366f734d4c476e536c4c334568617175732f6b4a42514f3956627a4c336d4f51485a767335354a6b754e78424e54707736314535484d7876766f32775453453534636d5667444e75722f336731736375794d686d6d793535416f7a556b72676e4c3073536350745433434d63444d6c30586f653154315063674575746e786352433048434f4a6c77514e5269774b49353862614b734c775a6535775754374b48354e546a5449547a476246496446712b70505a786e75374a4e774f6146782b5366324e523733522b746f6f55586f6c4a64506b546f73696577415669373346576b73426744573879706759376f654e446e6441375a323738594a6d3349637168757056486258476c5230632b6f546f512b786134622f3631312f2b6549653079793132792f416d653659636b616d593561776a4d4533696a33796a5a424e36384b3859577458467a49562f33786172514d7433302f51412f6f736963496851335a394659576e54614c4b316f496538546e64495243464e436352583048566759614c5462424956794e44366334735979476f2b7a2f48556952425971364248744d73744e7376774e76466873306c6d77345a72714d79476b385974545737535661566f6749793261354c77745250686b383632752b5772654469474b446d49793839736c502b5378544e43364566736a6e644d7a744f597636426b706c74564e453558456e764e77526533304d522b694e2f3350634c3043614c3144554a64686a6b6e316d2b7956597545543770476e725a735a303357645576633158724f4f4a3842546d416148556630586f725661587269566c6663622b72387565774d4e65745730523868543255384961676e7a4b52766650644b52614e4e4345525830445131312b434b384a4461634d4e2b6f386438673444446f4f2f6465377a6c6f444b6f75364248744d736f666d312b424d6830574a7837593038546b7a4d6c4a72617a69586f5777543947325064475733696331384f6e3256364c385965443165655a6675506d316e726935376774674151677a6778634e694a414457676a444b597a4c64386e4868657368757943544d644a6e364f5156504e797a426254344436664357304d6341706b5578466c6e554a64686a6b6c316d2b793345334a597565324a53642f496631546758617a4f32705351452f6b6771584c31615a737531664b324452647357724a32563151727464396b5432476f7350554a306974345373517557734641514438703075695252594d4e376f704c5573584b3041782f2f6650784c34595a4453635a4d78694842466646666764393435476433707474686b6c316d2b79306b5179456463334c6d71535849446a68716130785632536251326d452b635556497353706537526a4c7a6c4b4157694765313256503450574830494c454266765975384d7774715a61442f756354736636617a674e79726c304c48652b4b2f3870523574766b4345326b6a7632483446554b4f7a575a49394a39744438477368517a614f3164327a702b564a774a47337064714a73452b545a4d4a45384c44535832784231587576514172786b743252343253686477316145394870626d63456d6f44546a6b4d4c77597a4b644a6d33344b476f43525578725a745630626a366e2b557162586f654378332f38554f6334324965366f693742487050736f666b313845776e75596d39474e4e46352f4f6366437846512b4f71796a61426e77334e6d6b525a4b516763496c2f706b4d5a65673565675a4d5774426862494a56616e793537416d394d57364c496a7a36635a4c6452372b45475a6274466c382b49355046713179377649323436674163642f6658394a317343574c4b436f5337444c4a44746f6667335332625957554e767932544c6a394541366c7a49642f43724e6c5359437777763371355378434136596c704147373669677575774a2b6a7549355934346f3353574632527744386c305849564d764846374761704532534933414848776d50792f7a6e534f5a6236483337733764706c6b42383276775a2b76615949526852312f4252513550634c636c7a5064344253786d774e6e5a6b742f67564b7179684b316969745a5145745871306d63717375656f4174647a4a6c756d72316e414367666c4f6b304754756354562f55424d7474696f7064652b6a446e77755a3577364a3445644170724d6d756b424658594a394a726c4d383276677a734a613539516333456c52347a517144496e576d4c6873457a6a5468635a4836465851344a52343333672f65526e39425377326c55756e7066626f64746b545944387a4175773870504c6a6c6b4131306a6a5a64593934707176573639356a726651445956455841474f592f4c392f7068754b372f39626556566473475753797a532f686d513654733243572b414a646854505a3252794862443534626a476535346b4c4c3862517044336f39487a6c6c5453464f573941324f553061486e56646c4b71336177475550724f67614d435949327a755a522b59684d70796b542f7461645575706f2f5635354d52664155594d5637483651436f7a50482f52547a416273496d37575948313756646c6a6b6c316d2b793034517730765941363137434e4d4638737934465642574c594a57487535466e617a444a4d736b7a787471554d6e3373637a562f4332776649414a6c794a747635474374744c56425a716d774732524552556875552f34687370337671657461675a50766944464961646352325245502f7747796c57704644554f70544f554e51334d494b6a7a74325a626f644a64706e7474354333785371694f684e354d6f72305651345030566d32435a62504e6168475179554e4f496537506d385a5a6446584863786867335445487059637037796e75737565674b316c79676746364377694f6f6b6c71662f725448644b41766f70376c76517251777877374d574e51507264487a35353939397a335451327a6f2f53774e39414e74575a73434a654d76766d2b6c4d5764516c32474f53585762374c61417a3075304e61616272474f3374376c563361434d6435384b4a306b45644c6a2f5a49596154415a65573933516c696e726c724e6861652f316a5a505168454b786658342b483039513633496b4d546261594f503366626a714a50344d6976344e613336736f36687649356250574f33596441723341487959364d524b7963685331446966694c623948376353343362746a6a306e3230507761656e754a416448653832424d48386234676339747a724a4e6f497a4a6a796764642b427a5459457377536b4630486969457130416c7068624c44546d4541554444484d4f416c463032524e555141566279466c544e544973782f55566d6134694f62597a5158652b7a714b2b41304b413950485369316f4642577052456a682b3670444c513869324d67457230352b6976674857687755456535585a59354b645a7673642b4f4c5a747a5242446e5671476666536f73317732536151484336455348493959456851702b4335434c41675153512b535a6b6c4b35774f58364c6e412f42764734442f544e426c543542786d79467264344d7964513531624b73726e756d534179544d565a4866774a68534d3235356a375944564361376b4c3347436c77557478504d695436795a6c4872674571596a5142573144646754596a6c6d3162344248744d736f666d3136433763346d322f5562303932536545386649627879774b6f2b5762514b654453306a6c64696862676677706b4f634a37536e50455870524b52614565476b6534756f53342f537075466b714d75656f4453686f6b3346777456694a6875522b54536d367664764c783368745944387244754748373863434c5a6677356b494e56473675473868653048795250367a6d38737a5a5851557451355242646a61323761447a393276476665595a4b2f5a6667566b4f6f6d587a7350676d67627a3631515068474d387733544b4e674533446961794338434c77704b54446d6d6a34694a6f5a4e502f764e5271705254316d6535526c784b466a653570416c56643967536c695a67683135564635687a436450783630354531596d5932387270584d6f32584a71724e50524c6c484245334d34736c4a563564336a68664142376d516342465a684e70486c5171366873516b514d5a52314758674f6e52597374756532682b44516b557a6b464d6b6c58574e426d53563435523963733267546576446553344c6b5a7a4930675672565a6a2b456d4f4c4e3061446432447a7870594f477450765242733356354350754a5535617049524f49456c34536e3435725036537a51674d67694a3141305a4d757a35792f346565564a323356354870493878367566356a6b726f786e774a636b7062685749343572484b6858314455415634313765786f566f6b634261314152376148344e57566e313972564a79784d71686e6857446945494b5757626f457043423757766a444f6d3271726f575636474f3767492f342b4f5a656c71437745493061486b2b37456d6d34517a424b74324b446d73585a38516c6a534d414e61464b612f59644e36377951535356755145793351367433634a4152615a424e6d56724d6a724d6c39444b312f6b4477416c704f344f5a5154524f75477071472b4155567441525647585941686c4555564e7349666d313843394b344a7a355a696c53786a37673045664f4f41646476316642723758476161723757693657337561417677317a335343434d7a4657623077334d71594371574b57344750455943696262466e6743774849384c486278353175422b536a44334b684a694a554c366f62774364664779546e514f4a52696f514431635834576536437a532f687177737a75444439676159543971703874464c5562594456694257696a316c4e7a736f46303646792f5a547133484e70725041424f5431784c456f49384a4c7965576a45635061547553384b2f4e55774f2f43727a52476b31334b53484d526533316275796b362b53486873736a4173677778465455424e72684538327677353275523351634e4c7a4c5049653058314c6944416e385a32474259797264685844555171753171344d4147723935566d55366577653271723874364f4e526f4a74525a314370594574544b4c79796a61414d70705576444f5972394766692b71704e636c4f426b4d395a583341786b6a6367544648634249744772334d68306e6e7154357463676e53573461334f706d704d554e3535326d4e7654333047427677786b753977633645344e52374464624e41594f48357278375731723974307a4b445475336b31315446664e4c6963435434614631524b317a4d4f64614b366e2f6c2b367766576735684f66556b62394243777667316146494d47735a66585a77694c31724c42595a4759516e5652743450782b5a724f544e4e3852346357773161503478344b2f475667493247303144616a4c5270582b3465744b42504c62303179586159375063386775736976304954424874717856554c73687a766e366b726c50566e766c546c58762b2b39445a4b4a41475368646246724d48357044793357615455736d655265426266697467484b6b5535574f544174433258366f6d34487a6e5249706c694d79684977665a4267636879336c356341303858446451777a596b66336a5266596d6d356574656e59347433516b6c6263562f43594148563270414a4972522b433857587838417a693151693270726f4548354972376a364258516f422f725441656d786c4a48546c647953634c5972634272374c624b474362626c5a374431754c79303453774d6f625a4d526f6a7531446b4a6632513559415a774a4d2f614f5954486a306e45375a6c626a756b7848794d78306e7258494c30436d307a41764853386d462b426a334136727a4639426355496c594f5434333436742b7a3067456931736966552f324276775578585436397a365045336a4b425843596a6342573569636b464c63424667326472764c35335249486b76544d6c326f5a2f4e692f6a47313171574273683277416a4b592f32616f72786c6d72526d4e735356626d65627133787a3362765a483861765a49444e626d333078553753455677634a61556d4f6f776367366f7241617a45714a496159744c313550566d57703061524534694b636653394b444667553169756f6d46784d306850707255535264304f6e4f6c514f66626f4e4f34746d633571756a67793353575169624b74624b3373426c2f693767314d43696234617a4d6475534e58686a31633346667778746438716e5a355a6630533956586b4e61615654617a34645a364c7279475a6d6b627833344b7a51556733316f61394e537a4b694335324336444d7355557658664d486c3758326f6d3448795854346955726e4d785875755931324e586d4b736832774172456239704f312f4755706c6237454e702f616d46524837587a6c7076506658625a454663563942655a6d7a3376653469354162397161454c4b55694e6b72345273777636516b424448443176374e6d6b793751576f697747724b563474664239477a6f4c7862586c65416c434d437375487656377747764c333035757279736b6266376d496656744d4675626939416e385a314734326f4a756376737242784a676e58376f2b307a476466745966754a31674950515457704558774f47686648594c74566e4137394e633962417735476133644767476945744c4746756a3144695a4173705546336664434877714a4c724947666832446b62563172745470717464737a7756664d716b4b6175647a6979493062496473414959445773756477322b53384747376a44454b636a48353164754f6d337942454d3239747246305a545a35367666715a77426c623055744333333672626542633665556a4b534a4776546e61434446444976376c75396f53696c6a6242756777476d342f485069797679472f426c4569326b5264304f48483538784c3470526f56795762614a31437262415373515139566d53394772374a454d75332f394d3532756e2b55344a7137744a376b37733161586e5a6351787a43546737446871717376515574536973355771714e6641524e565a3167636e7a7030426e46656f686e556b4b6e5673652b424f5a6c5a703167334168413279384c7639665953646132464636706249337143714b62433033757762416573674b383931346f36685732597979656e365044415837767049696643316e78494d3376546136654c624d3866763674664a4f594343524a71642f6a48594345574a566b6a386e4348312f48506f45486d39617a6d776f37543874687a695761443371304e4854584f396f58577a31524666774f56364b4b6f32344744686344723830545a594c712f5a4f666c59706d437754756b3272384d5a454166645a58634c4c69526b525447636456766b4f6e5977377030505059584e344633454741333379416330445458525a68484342546566582f3643615141516f6842746f6d54457768315a6e6d5a4448633077536c79646277414c6d4c69737044367558584e53304f77424c374e464e627638586a756f6d34484d6d2b57462b57647839334e4d72775348597a346f615273423678416a615972623674694e35765156786f444c6f39324d6537566d6135587944753475416b676b4c3935383169746a585448522b48575046754d544563727977727a7a39366e2f4f4e7647735943734675714b6f546d37644a6e5a6469676e69776c437268466a6a366274334568656e6f4348565a527854664c5739613145472b754171725333654e46436c715135367738436337323859703059426849314c53365a54746742584b6c664f587a69695032784a4978594777703837713851615a7251455a7763544e386949424c613057792b544c39325938684933586e61437765332f546b594a7377434a787a662f657a6747596b394342494b7668642f456c34784832495966434d36555751686b6b7a36786e6479425a657668513745615773466963394a4a654631466a627a32712b67334345764d2f62532b756f3038716a6a6e566d7a636c3759444b377873743277417234576d472f63633369736656566a2f58524c69357a6461626a386e692b72636964385678616e687a59643935366e38465946465763594c6a48434d514a76366774716d2f59767757456d61334d436b4e755758614c54364c6f616a4c6a4943304e576647634c6c7a4c7a72546b4d6c724459414e5a6b77376b4c51466b4d3133373261394369376f646b4b58523031485a756a42546c7178694c4d717a4536484b6473414b594c69365371786d68355862446850486e7350534e3870303747304a4c4f346238434e4b4c79646e2f644c462b466c366f584a6b38507641484748554d476a717a397a662f586872576a4d6452695557716448493036364851734a5132754e46586a6e41613952446168437a63456956435638614432656d5050764a6b66484967586637466a6d505861613878365a4444367469417a424a56704473316b57423846445a446c6942474b3558712b6e4f7661425578306c71334275387665527135514a75755a4549546e48564e5263554a622f2b6843716c4349544a775159536f71486a524c2f393434426a68302b4a4a442f534941557769576d39517a307861565a3847765558523842517579785a305853574555747a70714e766d5344556b7735576d355a71487a584d436942435644736f667748356e4b63713559385371653141725145706e555578753639453251355941646e4a547159366a6a4a3665576641395159376a48714c7435666a72306474336f593431654843533267313042772f62557065483375734d5a2f2b7765786e4d544157515858355a3454727a47595646573377364551656149774f4d62674677656d4a526e786941376e58766d6c52537667384a466c74477159306751573472634d534c4656483762494775594f776c76665964465571716d534630593143383362324442366237674c45694c335574576a73473564694447794d652f56764766433056736553367858334c5969432f5939614d4467552b4d357677476a693166515566523074594d617042663347596b5a33414553635771706a6a674e346c496d584c59654c525461493471554261435a30727052755a6e56613043714d302f3058763541555170576d4e4945516256755953517a624e35666a44734a3864336952347556595152646f4e645a4666395447532f2b7948624143474e484a62567a336b656c71546e7255336e6536396c646e756f69574f496b74376e76673234536e4c4f48413443373361336c456f7332496955497966504d66336e39714b6833325845677641414a794773793071476845353878684f6a6569565644653757706e753579664b4b436170705873674d70683741707030464e54645753707342596238474874554f6f4f4c772b31716b56627a574b6a596c78484f795a6c4661774f7642796f62416573514d79553631796270594e523355324e565448723963393032644b6346364b33747a2b6b75736f696431685146796433673759466d53694e736770343430616959534b6173473242714a44544363584163644a516545734361486a6d4d6e534d58704f6977544a556f494b776e6b4c4e6f575466465457736d524c694a65676c755275355978755a6a4a6c56463355373847385a65415971712b694572426c64677264427875682f424656334e2f5347364c455151793758475663375858536358463162566130347a5332653658414f7775506c67426861726930463534674453775959555147694c35743454415752435464683852706b4f58663937355041496172536450436a475469536b454f756152326649417550536f6254506d316b567546414a6a6b6a57634c5735615842384a362f384f4a33485761377a2b64304a33503376694c7a366451696a44664b343665315050623438616172376f3839546f623035625731526d633462427059324c68724e35326c2b64787a363838667475796c64636c70745a486858714f43344d7557412f7733546753757a4c643549456d3177444e2b465a683462394c4d504a67536c3562313844644e516959364b4331745953345638414768755376545a65534e6c56313439423167586b534971366a6267634f5859564856683374386b476973695434545050696f757276426b577153386f68445635664c2b366c444f2f714d4f7a53377a2f56764c3333354b6d745852425a44673677446770514b63364b466357722f5766742f5050344c58535a652b4e595041777448384d65736e6e49705672476e69656163362f4d2f424672536a7171716155326e54306d4752496e704b6b39643063744776447a6441375a544a727248706f7479585843577a31584d386a4e6772416c796e52352f2f446a4652336b702b386a44756f3472336173654c77595232336b514e4f66566d553758684544756a623072676f74466c7a77584630326b684f4d427a5a372f2f746e3652515378357959776b323657484b704676715962756a6968364952706348326c683078557062502b4976314f54556d30417148567159363347347a3766734d433643775755645474594f52344b307034646e4147574c7636776f4c6b577668514b79795050617275626c42494e6d66556657437032676439546874533962426439614b746b65737a4854496c69724b344865434573467a644b75314357366f304739423877726c646f746e2f4c6e693678684f444274504b3174416a6f516b6c31546c7558552f53663138434a6e386956747764336756454136596858425a314f3542774b3563314f7a536a4b6a6241596d69734251684658516f49486c762b664e4e5a556267665737716d69644b2b614135664d643143674f6530756d375453615432637650447a6b7a336c4942424571694b57414862376558666f524d5637424f2b626e494a753464716e58615152756a45612b4d362f736a7935352b562b504f726b57386556314a7a574855564e4c736e616a745436655a4c746642585a6a70647665786642426433774e4f444d3130795737314633545262424f753037703763525932486c6a7171376d36497a6c374e673872656a4e4245593957784a6d5773714f5745796a697934375866534e4663337441536449665063412b344579545434526136627234546f757534504171777672692b774c7a5a705147502f314c597664743066764e4d4a2f59733568466c5a725031614e715173576244527459526171334e6c4770636c2b6b556b7a79376a66584b6435647642736c307657343045346a74464b4f497236544249337361672b347837617137473879365a4f55377432557a4e68673237453144444b6d596f634b4e72414e696968494972746c306c756d515a4d6e46487644304d444b644c357a6459636c754463362b734d496d6568747a3173427a3774326d724c7137515a6d4f724e78314f47506572593236626746523243597a616c6b4d797a436e7a684a632b557a4871307645632b462b66693977774838475049726254346a4865537178512f686975676a6550515a786c724f474c76696432397037616c54643357422b74734c796f75466664652f546c6f6f325967324577736c763270636d386c4e654763617033456a6a696b326e754f4a30713330736563666435657641782b6d727068532b694f364f654479797a55694441364577723061642b6d35745434556156586333634e74735954716c75543979764663626261326b2b6a3754317a72554f5247464570534a6a4c6b693079474c6346696878523777416b436d73784d6f396c4b4d71786a48643173394e305452726f2b4d4f597a66736132702f477466565863334c427079306e62717555646244647244524f4241304752502b505a42444c626f4b51744774537665586b7059647247454b4c51636965364667472b54416b742b3631556b4f4c756a7370633268792b78554d4a3742502f53356239546d3634517633696d7377516b6964734b6134395133377a74526d794633745132587a734d6d4c344d4a5247656b56396e4f6f496c7539686d516c7278423777412b4f4c4a4458546f3869557345386a7447626d69484b484930594c532f715a6d6471304633624b74456f2b69714c71374154614a30584b5149486c61676754666f30326e375a684b70516170315645465a667131714c485354733166626a6f6b616a6266696950745348537642503749774f35417255504f726d59516555486e6b5a42775a43792b6a4a654a413238623344647175366e44302b757375727668597a7945536c6f306c767a497648453748656d734c76347638414a616832714d5a34754d7364392b5473647253372b3636525448743146654337682b6467513877614635784845754a33355364474f7a58417955482f34672b4a2f664e4a62325a753254516b6170714c71375162796f477763586639706a5a54647371785259306253453753426f694e4e4d2f725936546e637566705070764f57597a4956322f4f6f7634687a776e4e426e482f744f33476245636256795652326d42537146726a4e526148693542345255636677326254553962524d452f6171374730372f4f5674356b70707a724f7957625a3371595451616e696f644c306f4e7230626b575570594e5a54327a7a4f646f32546c712b48356a6a3333577341313144375374664f463945314c72695a523344374467416a6378704e4645694c6f47736e37594a4d652b4b76617a4d33304e4a477332617675626868366f72776b5262677a564c4a544e4c35464f7a715046724e6b5145675269564c3964716a4e3669355550387830356b4b4d4a325866736f6c2f624a77442f6c76494e314a79376677626833454a5863325575734b4d35566c45474f67414565567776303832366e71556948394e4730395630784f372b4d336e644a616d6b70785534566d6d752b6650717465307164786f4b32326433486944592f716d7869786d314237355161627a582b57585446695a4956756664676b4f654258494e314a7941626d4568475735684a73754f57674a754f4155706d45545567704477774a6737473850716b2f482f44397675364a4437614c7137675978735a456c30364c59786c625464575472754c4a74736451366d48434d6563676d4165304f77325a62616c5536646d7936732f2b434157754d4c42485a7763644c6c4e65445a4152634a52453046395a584577656a4e305a4e6f43694e413457556b68536c6259494863493668305975416e3756547157464d304656334e2f43623439484b636c774a4557456749762b71746737644841515479526c7a48774448784b5070305a70563678587951715954513845424a45464f6866647a4c30524a44336764794b73772b346b75716832434378744d517659596855434e6f7549464d4453756579696b766b46307a2b4d2f62492f4b57456e574e4c393970717457565564694a564b6c684870536c57346d4f5450386f37624b30514f7642693058726a31374b4e4955476a70514b533539497756543273372b536544414b4e336a51687a7655463451654b61544b79795232473670617a3253684b3873683533454e4d4c616e516544494b48636530543171656642305032676e55716c734c677534717275626b6747727835556b5a353555707961626a44734f58653258594c5166714b4b6b597732746b5a6766714861456d4264466442652f4a794f712b4d66333348446b4f32634f585163652b34566759667a58453442567851486f5463754d6d694f584751567565514a34766a4f776c524755593153493261453443647431546f2b35596d7175787369634b513448686948524b46566543496f3143345341726f6a6a336c73445638393151656c4558564e50744445436a446a794941492b4f4751434d476c544d6450596f5a43687963317332554958376f445867716345596a42757141756c7a4f685753365361393547726e3934787439584734634b34596e7769664d4366394c57454c2b33725a34376d6f2b3945566c56647a66347234464e6d5934506b693135536453686f4d58774f4943752b337438324457454f45624748562f4a59484b714d375a6c71564f7070346b765a7a72745a335a76396a6162472f6e5a666b65616531466f706d746f746964785a5857436a354d7333734c317070333970544d386471447767565156424c69776a73376c746870435742536f49663833767a6d4f6b43585452536761577a524e34556f687455766b597967696f6a57386177313136366d4532484f4e6c4e684a584b544d75717958534747372b45786e786d786e537a63582b2f6d666a2b4d567973734376776d5a624f4345777858564756394e684c61447543476b4b784b4679675a774f34494f633866624242414c6e455655304558677058626d51595a52487652413164304e3538393034712f5155517044476f55694b306d4c647465553655737834576c5735494a717a596a525a6c6454737a484d70423667774e6757654448544c6474654e6a647a4e7634502f34726a415538467571783451613973504e3958466a664a574f49325639704561586e557734774b6e3347476733415a36734870356b616248684d4945785271524e795058537a63316863426c5862535636314f36426c4e4f2f78365447384345364c6943553946692b7145636d4f4d6d4e4657515169357a5a4f4452464c31456c7836706b4f613937796a5132625258656d783556345a2b4b745a7670534f77336a47754c4b357949336958485561367356374f6871766749787861767171556f6f49776c435959364f393942413263454e633164304e6e3537704b6862494a6c6b6b31355870732b64437275314841344b655762326f6f49573879324976474f486268504d52474e4e796d323652534f72496a6d633639757353437969316234396e755263485a7a70667975455a4a3454366f4e5270745243705156736f2b6444536f65384378755141393647435976532f6255754d38772f6f46423258484c5771376d3451752f30564f5130716d614c76414c76474f4c5437617461377051574b364c6253564d3369513468476743424d47445139447a4c69707a66453552484f3355354a79633754694d67765a54724a673568594d4f372f4f33624179304b2b65796e516866584658545a4c4c7259764e3156784a71735871346966306a536d6364775a6f4f78473231756345526a2f706d304b547067594d38376a535076313533544969546f49424347464f7a506e30464a74687454326e485444454f32485a7459522f544253454771427179447a6d2b574d775957514b654130674c365936624a504c56484678682f77502b4231774a6e4f49542b2b67554f41475a48615750744b6f37555267364b56654e4c4a4345527541656154613962664e5078744f775773716a3047564a6a7171727362784952436a516d4955317749776c336b6a6a497a73424a5054704f4274444e755a4644303246476d594f6b4f4f4a434e68696b58426841554947797330796e59336e526974415248695750482f5332515a3771455a64573670664946786946304f716a625a787931545a743656484773646c7a535342575a487250552b4936615839746a496a56306a6c2b6a59304d697a476d6c3675364750744d68505849746c444e355332447050727a316c324859546d3049496b7479724b7856313543666130756e5355364e34444e3545476f42594d2f50665a2f543858586e39672f344b3241383079556c79424e7934496b55484977622f42704f4b4f657538673357646c514f4c43646b4765506f714936545536756472655735374e334c7047784a73326d6736753447314279367161326d35626969367a476b702b483870396b707759793064694963797752636d6a645564456474426e4f4f7959315149657068315a7a4358636830422f7956304763362b5658436335784337595470354163356a6b636862654934335263326d36536a4d3373496d6c4f6f44313474313032426f7a506d35726c4938366b394d6b4e6d73693556647a66346d553553454763785669524a7973495a532b55315a72315143526d4e6a4b42586e464836386371466f674935694d6652544d63453657763378536a67467a494c76354470447667723466524d6c2f424d6935687374784c674d39307249694532673752766d716d636a754e7175307343365841455a4d7734734f71714d3972745a396a6b70766168755658517237713751557a577a754971507049466c6f3130363143696852615673715a53447077614d4753426f4d41614752423957466a324d726b71487955655a464a4a6d4350547653506b652b774e3550614a4f46666377753669534a394248616576474d4c6b56744b434d58456e74306b48486369594b6872706a6c7a6d646b344e6832676b562f5530473450497172713767576336793047306d74464648614d396555714b736161756b7958526f6d415978624b593845476931686d6e68346275777273487064645a57684e377749634a6a6b7a336a6e423670734d39314b434e69314448677a694a335559474a536f493345686155434f3469476c626e5547456979566e56744a496f456137546b465a415a5952564e5864445a457a4a46756b425332366a714a6c776f53706d465231654e514a4b6868524c514b533574767a71497630544b72536e4432615068466a4171474f5450654f6b476336664d58624c673468763347706a6e43346e6973482b6d4a4b706b6179676872477161657532784578694f53433651314a4a464134693138476b6830734c444a4d55335633673537706f6c64566c3042503446366b702b69616f787439706c54744867546e6a61794f596665316946505049395864553848676e67765446362b796645656d653066494d353266502b496d7267566e2f70616d6b523132334336435443634b4e58496f6e7274424754456c5371656c42793072564b5a727a2b7a6f4e4762545558563341364973665a6b6b307778646b3661574f54796f677965324549627a624a5530426a574942613255746d524a57447256454747574d707a776c4f434f546665473445786e72787675514d74704b5747612b413142634b464b7a626458494441732f4b507473396b6d524a5770677253586a716963696a786145704844536845434f6c56334e2b695a4c7379704967557472456a465a79714e5a75497863464a53694b7a79764a454e4745576a4e6d464750575954696d61504d417a626e4f4f3932497566307833775634497a48576569735137356b4f4b39634743467746326f6e617163494678447361514c2b7170676f4257554b524665715a474a4e4c43744d336e4f464e58447454444d706b37563351316959645a57467465327459763070437777793370445a786a546432566a75546156366330635174686347525570434171447177554a586d654548707675445748354c514f66777874554f477944777a6b7944733649354b54467a554a6a456c4c616f457152486e34395743774e4957534f7a4b76546f30744a6f324d772f654b5a4475456e566478434e504f6670464d756d6e6b7931426f39454258684867314f6569504e4639746b427066366c544b36486a6f68557870335a4c7133424c356f6441726764686a482f2f6f4a4c5a7744436c563036454c6c7476416d3444695459434b5075514f33494377654d5a69575159386277596a525546716745416976757276426f6e4d4c5a79325145306d5a49644a4c466330476c55637a776c6c534e3843725a354b59445778454373656f44794f415a536a6473314b737a486473756a6545356659535038673562706e694954686141726c4b6a71616f55376865517264376e4f36726a744e3742486c755a6b52354972536d44695834426550624d634667717271375165734b6f3952446c4f5637466b526161435a6a7a77586450764f4742786f504764436b5066544c4b416874504b732b444545704b5261563151374a3532584548706e754853462f5074672f663736636c4b6e4836506e5036482b6d434d66587352504e2b446e526a7434352f70767871727362796a6c2b6871547a6e7a507079772f747233334b37326c6d79764f66452b61632b6c503538632f2f423751597733717365642b354141414141456c46546b5375516d4343, 'image/png', NULL, NULL, NULL, '4251e1c2-2ed4-45f7-978f-e90ab2557f3c');
INSERT INTO `attatchment` (`id`, `createdDate`, `lastModifiedDate`, `name`, `file`, `file_content_type`, `file_url`, `createdById`, `lastModifiedById`, `employeeId`) VALUES
('38346f8b-b9ee-4fec-8147-c35d82ff128a', '2021-04-22 21:31:49.930199', '2021-04-22 21:31:49.930199', NULL, NULL, NULL, NULL, NULL, NULL, '48132370-eb48-4748-a469-a8c1251a63d1');

-- --------------------------------------------------------

--
-- Table structure for table `benefit`
--

CREATE TABLE `benefit` (
  `id` varchar(36) NOT NULL,
  `createdDate` datetime(6) DEFAULT current_timestamp(6),
  `lastModifiedDate` datetime(6) DEFAULT current_timestamp(6),
  `name_ar` varchar(255) NOT NULL,
  `name_en` varchar(255) DEFAULT NULL,
  `points_cost` float DEFAULT NULL,
  `cost` float DEFAULT NULL,
  `active` tinyint(4) NOT NULL DEFAULT 1,
  `createdById` varchar(36) DEFAULT NULL,
  `lastModifiedById` varchar(36) DEFAULT NULL,
  `categoryId` varchar(36) DEFAULT NULL,
  `hospitalId` varchar(36) DEFAULT NULL
) ENGINE=InnoDB DEFAULT CHARSET=utf8mb4;

--
-- Dumping data for table `benefit`
--

INSERT INTO `benefit` (`id`, `createdDate`, `lastModifiedDate`, `name_ar`, `name_en`, `points_cost`, `cost`, `active`, `createdById`, `lastModifiedById`, `categoryId`, `hospitalId`) VALUES
('22f568ee-0c0c-47f2-bcfa-d064706ee8a5', '2021-04-20 23:34:54.971297', '2021-04-21 23:53:53.000000', ' ', 'exsams', NULL, 1, 1, '5525ad06-5571-4bb2-a0b9-4371ddd374e8', NULL, '06f23981-f069-481f-b452-4e60e0b02775', '00c2d067-5a47-4a6d-8bc1-a47af7fd4bea'),
('3213ebae-7292-45cb-8c2d-bc622f08f206', '2021-04-20 23:38:41.971962', '2021-04-22 21:29:09.000000', ' ', 'proctologist', NULL, 31, 1, '5525ad06-5571-4bb2-a0b9-4371ddd374e8', NULL, '06f23981-f069-481f-b452-4e60e0b02775', '00c2d067-5a47-4a6d-8bc1-a47af7fd4bea'),
('8fb0b040-937e-4396-8c49-9eb7276c3752', '2021-04-21 15:11:54.948616', '2021-04-21 23:16:37.000000', '', 'jgk', NULL, 100, 1, 'c999ce37-a785-460c-9584-c024828c021d', NULL, '06f23981-f069-481f-b452-4e60e0b02775', '00c2d067-5a47-4a6d-8bc1-a47af7fd4bea');

-- --------------------------------------------------------

--
-- Table structure for table `benefit_request`
--

CREATE TABLE `benefit_request` (
  `id` varchar(36) NOT NULL,
  `createdDate` datetime(6) DEFAULT current_timestamp(6),
  `lastModifiedDate` datetime(6) DEFAULT current_timestamp(6),
  `name_ar` varchar(255) NOT NULL,
  `name_en` varchar(255) DEFAULT NULL,
  `cost` float DEFAULT NULL,
  `benefit_status` enum('PENDING','APPROVED','REFUSED','CANCELLED') NOT NULL,
  `notes` varchar(255) DEFAULT NULL,
  `createdById` varchar(36) DEFAULT NULL,
  `lastModifiedById` varchar(36) DEFAULT NULL,
  `categoryId` varchar(36) DEFAULT NULL,
  `hospitalId` varchar(36) DEFAULT NULL,
  `benefitId` varchar(36) DEFAULT NULL
) ENGINE=InnoDB DEFAULT CHARSET=utf8mb4;

--
-- Dumping data for table `benefit_request`
--

INSERT INTO `benefit_request` (`id`, `createdDate`, `lastModifiedDate`, `name_ar`, `name_en`, `cost`, `benefit_status`, `notes`, `createdById`, `lastModifiedById`, `categoryId`, `hospitalId`, `benefitId`) VALUES
('c803d8ed-56b4-41a5-bd5e-a952825d43b2', '2021-04-21 15:11:55.026527', '2021-04-23 00:59:12.000000', '', 'jgk', 100, 'APPROVED', '   20 100', 'c999ce37-a785-460c-9584-c024828c021d', 'c999ce37-a785-460c-9584-c024828c021d', '06f23981-f069-481f-b452-4e60e0b02775', '00c2d067-5a47-4a6d-8bc1-a47af7fd4bea', '8fb0b040-937e-4396-8c49-9eb7276c3752'),
('ce492990-8f77-4ecd-8254-c65b8e10ea52', '2021-04-20 23:38:41.978738', '2021-04-23 00:59:01.000000', ' ', 'proctologist', 31, 'APPROVED', '   1 31', '5525ad06-5571-4bb2-a0b9-4371ddd374e8', '5525ad06-5571-4bb2-a0b9-4371ddd374e8', '06f23981-f069-481f-b452-4e60e0b02775', '00c2d067-5a47-4a6d-8bc1-a47af7fd4bea', '3213ebae-7292-45cb-8c2d-bc622f08f206'),
('f4f26cc3-c6fb-4a49-afaf-9e4b7d6c28c5', '2021-04-20 23:34:55.000076', '2021-04-23 00:59:07.000000', ' ', 'exsams', 1, 'APPROVED', '   30 1', '5525ad06-5571-4bb2-a0b9-4371ddd374e8', 'c999ce37-a785-460c-9584-c024828c021d', '06f23981-f069-481f-b452-4e60e0b02775', '00c2d067-5a47-4a6d-8bc1-a47af7fd4bea', '22f568ee-0c0c-47f2-bcfa-d064706ee8a5');

-- --------------------------------------------------------

--
-- Table structure for table `card`
--

CREATE TABLE `card` (
  `id` varchar(36) NOT NULL,
  `createdDate` datetime(6) DEFAULT current_timestamp(6),
  `lastModifiedDate` datetime(6) DEFAULT current_timestamp(6),
  `card_no` varchar(255) DEFAULT NULL,
  `expiry_date` date DEFAULT NULL,
  `is_active` tinyint(4) DEFAULT NULL,
  `createdById` varchar(36) DEFAULT NULL,
  `lastModifiedById` varchar(36) DEFAULT NULL,
  `employeeId` varchar(36) DEFAULT NULL
) ENGINE=InnoDB DEFAULT CHARSET=utf8mb4;

--
-- Dumping data for table `card`
--

INSERT INTO `card` (`id`, `createdDate`, `lastModifiedDate`, `card_no`, `expiry_date`, `is_active`, `createdById`, `lastModifiedById`, `employeeId`) VALUES
('0a378e2a-95fe-4779-8ae5-6fbb1b8ad5ed', '2021-04-20 23:56:14.005510', '2021-04-20 23:56:14.005510', '123456789', '2022-04-20', 1, 'e0395f8f-3740-489a-865f-9a123bc824fe', NULL, NULL),
('1c6e69a7-c844-440f-aadc-979431644fb3', '2021-04-20 23:58:48.741565', '2021-04-22 21:26:15.000000', '123456789123', '2022-04-20', 1, 'c999ce37-a785-460c-9584-c024828c021d', 'c999ce37-a785-460c-9584-c024828c021d', '4251e1c2-2ed4-45f7-978f-e90ab2557f3c'),
('8807d826-24f3-4b44-b9cf-0c2c75aa35a6', '2021-04-20 23:58:10.949550', '2021-04-20 23:58:10.949550', '123456789321', '2021-10-20', 1, 'e0395f8f-3740-489a-865f-9a123bc824fe', NULL, NULL),
('bd3c83a0-76fb-4503-809c-f3e1b612ada8', '2021-04-22 00:08:23.346038', '2021-04-22 00:08:23.346038', '1234567895', '2022-04-21', 1, 'c999ce37-a785-460c-9584-c024828c021d', NULL, '4251e1c2-2ed4-45f7-978f-e90ab2557f3c'),
('e615504c-d9ca-46d1-a3c1-8c386b710fa7', '2021-04-20 23:59:15.164742', '2021-04-20 23:59:15.164742', '1234567891', '2022-04-20', 1, 'c999ce37-a785-460c-9584-c024828c021d', NULL, '4251e1c2-2ed4-45f7-978f-e90ab2557f3c');

-- --------------------------------------------------------

--
-- Table structure for table `card_transaction`
--

CREATE TABLE `card_transaction` (
  `id` varchar(36) NOT NULL,
  `createdDate` datetime(6) DEFAULT current_timestamp(6),
  `lastModifiedDate` datetime(6) DEFAULT current_timestamp(6),
  `transaction_no` varchar(255) DEFAULT NULL,
  `amount` float DEFAULT NULL,
  `points_amount` float DEFAULT NULL,
  `action` enum('PLUS','MINUS') NOT NULL,
  `notes` varchar(255) DEFAULT NULL,
  `createdById` varchar(36) DEFAULT NULL,
  `lastModifiedById` varchar(36) DEFAULT NULL,
  `cardId` varchar(36) DEFAULT NULL
) ENGINE=InnoDB DEFAULT CHARSET=utf8mb4;

--
-- Dumping data for table `card_transaction`
--

INSERT INTO `card_transaction` (`id`, `createdDate`, `lastModifiedDate`, `transaction_no`, `amount`, `points_amount`, `action`, `notes`, `createdById`, `lastModifiedById`, `cardId`) VALUES
('00c67a19-ce88-431b-9068-bb152e4e99a1', '2021-05-06 23:09:00.362067', '2021-05-06 23:09:00.362067', NULL, 31, NULL, 'MINUS', '       : IN-2021-4-5809', '5525ad06-5571-4bb2-a0b9-4371ddd374e8', NULL, '1c6e69a7-c844-440f-aadc-979431644fb3'),
('16023ee0-9e0b-4aa2-8bd3-e4b1a3e531a6', '2021-05-01 23:39:55.105142', '2021-05-01 23:39:55.105142', NULL, 1, NULL, 'MINUS', '       : IN-2021-4-6576', '5525ad06-5571-4bb2-a0b9-4371ddd374e8', NULL, '1c6e69a7-c844-440f-aadc-979431644fb3'),
('18a0d85c-a710-4967-895b-ec5d8811adf8', '2021-04-21 00:04:25.564929', '2021-04-21 00:04:25.564929', NULL, 50, NULL, 'PLUS', '        : RIN-2021-3-9216', '5525ad06-5571-4bb2-a0b9-4371ddd374e8', NULL, '1c6e69a7-c844-440f-aadc-979431644fb3'),
('28f86569-6a7a-481a-b53b-2dcb29a86bae', '2021-05-04 23:07:28.518037', '2021-05-04 23:07:28.518037', NULL, 31, NULL, 'MINUS', '       : IN-2021-4-3318', '5525ad06-5571-4bb2-a0b9-4371ddd374e8', NULL, '1c6e69a7-c844-440f-aadc-979431644fb3'),
('2d06213c-8e31-4965-a001-eceb25c134e8', '2021-04-21 00:03:23.657619', '2021-04-21 00:03:23.657619', NULL, 80, NULL, 'MINUS', '       : IN-2021-3-9473', '5525ad06-5571-4bb2-a0b9-4371ddd374e8', NULL, '1c6e69a7-c844-440f-aadc-979431644fb3'),
('2de70f39-fada-4d46-b395-8acb41f11eda', '2021-04-29 22:22:13.287127', '2021-04-29 22:22:13.287127', NULL, 31, NULL, 'MINUS', '       : IN-2021-3-8078', '5525ad06-5571-4bb2-a0b9-4371ddd374e8', NULL, '1c6e69a7-c844-440f-aadc-979431644fb3'),
('343e02bc-67bd-443e-97a1-a9ef9c1dafa8', '2021-05-06 22:06:20.114624', '2021-05-06 22:06:20.114624', NULL, 31, NULL, 'MINUS', '       : IN-2021-4-7062', '5525ad06-5571-4bb2-a0b9-4371ddd374e8', NULL, '1c6e69a7-c844-440f-aadc-979431644fb3'),
('3c92bb2b-e8c9-4781-8952-df9039a43950', '2021-04-20 23:59:44.214277', '2021-04-20 23:59:44.214277', NULL, 200, NULL, 'PLUS', '    (   )', 'c999ce37-a785-460c-9584-c024828c021d', NULL, '1c6e69a7-c844-440f-aadc-979431644fb3'),
('3f08d6ca-8c5b-4f6e-9f15-5a2ded1d3026', '2021-05-01 23:43:28.014943', '2021-05-01 23:43:28.014943', NULL, 31, NULL, 'MINUS', '       : IN-2021-4-7828', '5525ad06-5571-4bb2-a0b9-4371ddd374e8', NULL, '1c6e69a7-c844-440f-aadc-979431644fb3'),
('40f3e6a3-a0d2-41a6-80df-72f3c56cda6f', '2021-05-01 23:33:19.138757', '2021-05-01 23:33:19.138757', NULL, 31, NULL, 'MINUS', '       : IN-2021-4-3427', '5525ad06-5571-4bb2-a0b9-4371ddd374e8', NULL, '1c6e69a7-c844-440f-aadc-979431644fb3'),
('4ce56e21-acf5-4075-bf66-53601bae450a', '2021-05-06 23:13:23.203393', '2021-05-06 23:13:23.203393', NULL, 31, NULL, 'MINUS', '       : IN-2021-4-2487', '5525ad06-5571-4bb2-a0b9-4371ddd374e8', NULL, '1c6e69a7-c844-440f-aadc-979431644fb3'),
('4ddf319c-be2a-4d7d-b95d-b41a96f5a100', '2021-05-06 22:11:25.067055', '2021-05-06 22:11:25.067055', NULL, 31, NULL, 'MINUS', '       : IN-2021-4-1352', '5525ad06-5571-4bb2-a0b9-4371ddd374e8', NULL, '1c6e69a7-c844-440f-aadc-979431644fb3'),
('50f6ef75-acef-4dfa-ba71-f286f4a47b31', '2021-05-06 22:51:16.517092', '2021-05-06 22:51:16.517092', NULL, 31, NULL, 'MINUS', '       : IN-2021-4-6187', '5525ad06-5571-4bb2-a0b9-4371ddd374e8', NULL, '1c6e69a7-c844-440f-aadc-979431644fb3'),
('58b7c2f3-9d0f-4c87-81c4-cf6c35ad6621', '2021-04-26 22:01:44.748521', '2021-04-26 22:01:44.748521', NULL, 31, NULL, 'MINUS', '       : IN-2021-3-4053', '5525ad06-5571-4bb2-a0b9-4371ddd374e8', NULL, '1c6e69a7-c844-440f-aadc-979431644fb3'),
('5b26eb52-7d92-423a-8d0b-55109dd3e9c9', '2021-04-21 23:57:13.848251', '2021-04-21 23:57:13.848251', NULL, 5, NULL, 'MINUS', '       : IN-2021-3-9496', '5525ad06-5571-4bb2-a0b9-4371ddd374e8', NULL, '1c6e69a7-c844-440f-aadc-979431644fb3'),
('663b3c51-4a74-43c3-bb9f-7f321a2e6cbe', '2021-04-21 23:22:40.400046', '2021-04-21 23:22:40.400046', NULL, 10, NULL, 'PLUS', '    (   )', 'c999ce37-a785-460c-9584-c024828c021d', NULL, '1c6e69a7-c844-440f-aadc-979431644fb3'),
('87134264-be7b-4394-8082-1ccc9bca4d69', '2021-04-21 01:13:34.048847', '2021-04-21 01:13:34.048847', NULL, 410, NULL, 'MINUS', '       : IN-2021-3-9841', '5525ad06-5571-4bb2-a0b9-4371ddd374e8', NULL, '1c6e69a7-c844-440f-aadc-979431644fb3'),
('8a180f54-5ef3-4bf1-bac4-b737eaf5d10a', '2021-05-01 23:56:05.373257', '2021-05-01 23:56:05.373257', NULL, 31, NULL, 'MINUS', '       : IN-2021-4-4277', '5525ad06-5571-4bb2-a0b9-4371ddd374e8', NULL, '1c6e69a7-c844-440f-aadc-979431644fb3'),
('8f96b80a-605f-49e5-9c6b-ad270ff08c0d', '2021-04-21 00:56:06.807346', '2021-04-21 00:56:06.807346', NULL, 180, NULL, 'PLUS', '    (   )', 'c999ce37-a785-460c-9584-c024828c021d', NULL, '1c6e69a7-c844-440f-aadc-979431644fb3'),
('976e5d3b-16eb-49d4-85e9-495ff84bd507', '2021-04-21 00:58:15.449789', '2021-04-21 00:58:15.449789', NULL, 100, NULL, 'PLUS', '    (   )', 'e0395f8f-3740-489a-865f-9a123bc824fe', NULL, '1c6e69a7-c844-440f-aadc-979431644fb3'),
('9e0dff21-9b46-46bb-9880-5b0b4dfe235a', '2021-04-24 22:15:13.221485', '2021-04-24 22:15:13.221485', NULL, 132, NULL, 'MINUS', '       : IN-2021-3-7153', '5525ad06-5571-4bb2-a0b9-4371ddd374e8', NULL, '1c6e69a7-c844-440f-aadc-979431644fb3'),
('a21fb352-a236-45a8-a126-60af9cf52ee6', '2021-05-06 23:21:15.015041', '2021-05-06 23:21:15.015041', NULL, 31, NULL, 'MINUS', '       : IN-2021-4-5328', '5525ad06-5571-4bb2-a0b9-4371ddd374e8', NULL, '1c6e69a7-c844-440f-aadc-979431644fb3'),
('a45e38fe-73b2-45c3-bcb8-34c10a5f92bf', '2021-04-25 22:16:29.283019', '2021-04-25 22:16:29.283019', NULL, 31, NULL, 'MINUS', '       : IN-2021-3-5149', '5525ad06-5571-4bb2-a0b9-4371ddd374e8', NULL, '1c6e69a7-c844-440f-aadc-979431644fb3'),
('a78898a7-30a5-46aa-94ca-90d82e6b298f', '2021-05-01 23:53:39.951461', '2021-05-01 23:53:39.951461', NULL, 1, NULL, 'MINUS', '       : IN-2021-4-3779', '5525ad06-5571-4bb2-a0b9-4371ddd374e8', NULL, '1c6e69a7-c844-440f-aadc-979431644fb3'),
('ac2d8f3f-cee9-4868-9e46-2c01b0600c90', '2021-04-29 22:30:09.384442', '2021-04-29 22:30:09.384442', NULL, 1, NULL, 'MINUS', '       : IN-2021-3-3857', '5525ad06-5571-4bb2-a0b9-4371ddd374e8', NULL, '1c6e69a7-c844-440f-aadc-979431644fb3'),
('afacb8ca-8874-4675-b399-675efd0eb386', '2021-05-06 22:47:21.564818', '2021-05-06 22:47:21.564818', NULL, 31, NULL, 'MINUS', '       : IN-2021-4-1034', '5525ad06-5571-4bb2-a0b9-4371ddd374e8', NULL, '1c6e69a7-c844-440f-aadc-979431644fb3'),
('b0099634-82f7-48f9-be87-e455a37c26cf', '2021-04-22 21:28:32.399436', '2021-04-22 21:28:32.399436', NULL, 124, NULL, 'PLUS', '  :IN-2021-3-8879 ', '5525ad06-5571-4bb2-a0b9-4371ddd374e8', NULL, '1c6e69a7-c844-440f-aadc-979431644fb3'),
('b4987299-706e-4554-97c9-ccc15c62d115', '2021-04-22 21:26:23.231872', '2021-04-22 21:26:23.231872', NULL, 1001, NULL, 'PLUS', '    (   )', 'c999ce37-a785-460c-9584-c024828c021d', NULL, '1c6e69a7-c844-440f-aadc-979431644fb3'),
('b8131a69-4f99-4921-b4bb-636808c738eb', '2021-05-01 23:41:17.080524', '2021-05-01 23:41:17.080524', NULL, 1, NULL, 'MINUS', '       : IN-2021-4-6448', '5525ad06-5571-4bb2-a0b9-4371ddd374e8', NULL, '1c6e69a7-c844-440f-aadc-979431644fb3'),
('b8d6356e-3d97-4426-a2cd-f3dc023f5dc7', '2021-04-21 23:53:11.031832', '2021-04-21 23:53:11.031832', NULL, 31, NULL, 'MINUS', '       : IN-2021-3-7804', '5525ad06-5571-4bb2-a0b9-4371ddd374e8', NULL, '1c6e69a7-c844-440f-aadc-979431644fb3'),
('c8afd3f1-63d4-4aa4-8dbc-7f71167c8e09', '2021-04-27 23:33:19.618396', '2021-04-27 23:33:19.618396', NULL, 31, NULL, 'MINUS', '       : IN-2021-3-8381', '5525ad06-5571-4bb2-a0b9-4371ddd374e8', NULL, '1c6e69a7-c844-440f-aadc-979431644fb3'),
('cb5734f4-58aa-426d-bc6f-113b3f02000f', '2021-05-10 02:34:49.015022', '2021-05-10 02:34:49.015022', NULL, 31, NULL, 'MINUS', '       : IN-2021-4-1396', '5525ad06-5571-4bb2-a0b9-4371ddd374e8', NULL, '1c6e69a7-c844-440f-aadc-979431644fb3'),
('e0fb1eb5-1d0e-48d1-bfea-6bf84df4e038', '2021-04-29 23:29:04.823354', '2021-04-29 23:29:04.823354', NULL, 32, NULL, 'MINUS', '       : IN-2021-3-4983', '5525ad06-5571-4bb2-a0b9-4371ddd374e8', NULL, '1c6e69a7-c844-440f-aadc-979431644fb3'),
('f19daa0f-6f45-49ce-840f-bd4fabcf7ed4', '2021-05-01 23:48:32.890855', '2021-05-01 23:48:32.890855', NULL, 31, NULL, 'MINUS', '       : IN-2021-4-3872', '5525ad06-5571-4bb2-a0b9-4371ddd374e8', NULL, '1c6e69a7-c844-440f-aadc-979431644fb3'),
('f9556af1-bf3f-4d4f-87f2-d0c7612266bd', '2021-04-22 21:28:04.836473', '2021-04-22 21:28:04.836473', NULL, 124, NULL, 'MINUS', '       : IN-2021-3-8879', '5525ad06-5571-4bb2-a0b9-4371ddd374e8', NULL, '1c6e69a7-c844-440f-aadc-979431644fb3');

-- --------------------------------------------------------

--
-- Table structure for table `category`
--

CREATE TABLE `category` (
  `id` varchar(36) NOT NULL,
  `createdDate` datetime(6) DEFAULT current_timestamp(6),
  `lastModifiedDate` datetime(6) DEFAULT current_timestamp(6),
  `name_ar` varchar(255) NOT NULL,
  `name_en` varchar(255) DEFAULT NULL,
  `createdById` varchar(36) DEFAULT NULL,
  `lastModifiedById` varchar(36) DEFAULT NULL
) ENGINE=InnoDB DEFAULT CHARSET=utf8mb4;

--
-- Dumping data for table `category`
--

INSERT INTO `category` (`id`, `createdDate`, `lastModifiedDate`, `name_ar`, `name_en`, `createdById`, `lastModifiedById`) VALUES
('06f23981-f069-481f-b452-4e60e0b02775', '2021-04-20 23:25:49.779608', '2021-04-20 23:25:49.779608', ' ', 'external clinks', NULL, NULL);

-- --------------------------------------------------------

--
-- Table structure for table `company`
--

CREATE TABLE `company` (
  `id` varchar(36) NOT NULL,
  `createdDate` datetime(6) DEFAULT current_timestamp(6),
  `lastModifiedDate` datetime(6) DEFAULT current_timestamp(6),
  `name_ar` varchar(255) NOT NULL,
  `name_en` varchar(255) NOT NULL,
  `email` varchar(255) NOT NULL,
  `phone` varchar(255) NOT NULL,
  `address` varchar(255) DEFAULT NULL,
  `city` varchar(255) DEFAULT NULL,
  `lat` varchar(255) DEFAULT NULL,
  `lng` varchar(255) DEFAULT NULL,
  `active` tinyint(4) NOT NULL DEFAULT 1,
  `activity_type` varchar(255) DEFAULT NULL,
  `jurisdiction` varchar(255) DEFAULT NULL,
  `discount` float DEFAULT 0,
  `fixed_discount` tinyint(4) DEFAULT 1,
  `phone_second` varchar(255) DEFAULT NULL,
  `phone_third` varchar(255) DEFAULT NULL,
  `createdById` varchar(36) DEFAULT NULL,
  `lastModifiedById` varchar(36) DEFAULT NULL
) ENGINE=InnoDB DEFAULT CHARSET=utf8mb4;

--
-- Dumping data for table `company`
--

INSERT INTO `company` (`id`, `createdDate`, `lastModifiedDate`, `name_ar`, `name_en`, `email`, `phone`, `address`, `city`, `lat`, `lng`, `active`, `activity_type`, `jurisdiction`, `discount`, `fixed_discount`, `phone_second`, `phone_third`, `createdById`, `lastModifiedById`) VALUES
('aeb1915e-5685-4f9b-903d-15e42f109e11', '2021-04-20 23:20:58.369263', '2021-04-21 01:04:11.000000', '  ', 'Libyan company of oil', 'info@lco.com.ly', '+218920000001', ' ', '', '123456', '12345', 0, NULL, '    ', 0, 1, '+218920000002', '+218920000003', 'c999ce37-a785-460c-9584-c024828c021d', 'c999ce37-a785-460c-9584-c024828c021d');

-- --------------------------------------------------------

--
-- Table structure for table `company_user`
--

CREATE TABLE `company_user` (
  `company_id` varchar(36) NOT NULL,
  `user_id` varchar(36) NOT NULL
) ENGINE=InnoDB DEFAULT CHARSET=utf8mb4;

--
-- Dumping data for table `company_user`
--

INSERT INTO `company_user` (`company_id`, `user_id`) VALUES
('aeb1915e-5685-4f9b-903d-15e42f109e11', 'e0395f8f-3740-489a-865f-9a123bc824fe');

-- --------------------------------------------------------

--
-- Table structure for table `employee`
--

CREATE TABLE `employee` (
  `id` varchar(36) NOT NULL,
  `createdDate` datetime(6) DEFAULT current_timestamp(6),
  `lastModifiedDate` datetime(6) DEFAULT current_timestamp(6),
  `name` varchar(255) NOT NULL,
  `phone` varchar(255) NOT NULL,
  `identity_no` varchar(255) NOT NULL,
  `employee_status` enum('PENDING','APPROVED','REFUSED','CANCELLED') NOT NULL,
  `notes` varchar(255) DEFAULT NULL,
  `createdById` varchar(36) DEFAULT NULL,
  `lastModifiedById` varchar(36) DEFAULT NULL,
  `companyId` varchar(36) DEFAULT NULL
) ENGINE=InnoDB DEFAULT CHARSET=utf8mb4;

--
-- Dumping data for table `employee`
--

INSERT INTO `employee` (`id`, `createdDate`, `lastModifiedDate`, `name`, `phone`, `identity_no`, `employee_status`, `notes`, `createdById`, `lastModifiedById`, `companyId`) VALUES
('4251e1c2-2ed4-45f7-978f-e90ab2557f3c', '2021-04-20 23:47:48.589275', '2021-04-20 23:47:48.589275', '   ', '2180000187', '123456789111', 'PENDING', '', 'e0395f8f-3740-489a-865f-9a123bc824fe', NULL, 'aeb1915e-5685-4f9b-903d-15e42f109e11'),
('48132370-eb48-4748-a469-a8c1251a63d1', '2021-04-22 21:31:49.738558', '2021-04-22 21:31:49.738558', ' ', '1234567891', '11111111111111111111111111111111111111111111111111111111111111111111111111111111111111', 'PENDING', ' -  - --', 'c999ce37-a785-460c-9584-c024828c021d', NULL, 'aeb1915e-5685-4f9b-903d-15e42f109e11');

-- --------------------------------------------------------

--
-- Table structure for table `hospital`
--

CREATE TABLE `hospital` (
  `id` varchar(36) NOT NULL,
  `createdDate` datetime(6) DEFAULT current_timestamp(6),
  `lastModifiedDate` datetime(6) DEFAULT current_timestamp(6),
  `name_ar` varchar(255) NOT NULL,
  `name_en` varchar(255) NOT NULL,
  `email` varchar(255) NOT NULL,
  `phone` varchar(255) NOT NULL,
  `active` tinyint(4) NOT NULL DEFAULT 1,
  `city` varchar(255) DEFAULT NULL,
  `address` varchar(255) DEFAULT NULL,
  `lat` varchar(255) DEFAULT NULL,
  `lng` varchar(255) DEFAULT NULL,
  `phoneSecond` varchar(255) NOT NULL,
  `phoneThird` varchar(255) NOT NULL,
  `type` varchar(255) DEFAULT NULL,
  `notes` varchar(255) DEFAULT NULL,
  `createdById` varchar(36) DEFAULT NULL,
  `lastModifiedById` varchar(36) DEFAULT NULL
) ENGINE=InnoDB DEFAULT CHARSET=utf8mb4;

--
-- Dumping data for table `hospital`
--

INSERT INTO `hospital` (`id`, `createdDate`, `lastModifiedDate`, `name_ar`, `name_en`, `email`, `phone`, `active`, `city`, `address`, `lat`, `lng`, `phoneSecond`, `phoneThird`, `type`, `notes`, `createdById`, `lastModifiedById`) VALUES
('00c2d067-5a47-4a6d-8bc1-a47af7fd4bea', '2021-04-20 23:23:20.289088', '2021-04-20 23:23:20.289000', ' ', 'AL JASSER', 'info@aljsser.com.ly', '+218920000010', 1, '', '  - ', '54321', '12345', '+218920000011', '+218920000012', '', ' -  - ', 'c999ce37-a785-460c-9584-c024828c021d', 'c999ce37-a785-460c-9584-c024828c021d'),
('a03b59c3-58ba-45dd-83c8-ac917f15b2d2', '2021-04-21 00:44:57.411477', '2021-04-21 00:44:57.411477', ' ', 'al foad', 'info@soror.ly', '+218920000020', 1, '', '  - 11  ( 20  )', '3221', '12345', '+218920000021', '+218920000022', '', ' -  - ', 'c999ce37-a785-460c-9584-c024828c021d', NULL);

-- --------------------------------------------------------

--
-- Table structure for table `hospital_user`
--

CREATE TABLE `hospital_user` (
  `hospital_id` varchar(36) NOT NULL,
  `user_id` varchar(36) NOT NULL
) ENGINE=InnoDB DEFAULT CHARSET=utf8mb4;

--
-- Dumping data for table `hospital_user`
--

INSERT INTO `hospital_user` (`hospital_id`, `user_id`) VALUES
('00c2d067-5a47-4a6d-8bc1-a47af7fd4bea', '5525ad06-5571-4bb2-a0b9-4371ddd374e8'),
('a03b59c3-58ba-45dd-83c8-ac917f15b2d2', 'fb306838-7089-42d4-831a-088d63945192');

-- --------------------------------------------------------

--
-- Table structure for table `invoice`
--

CREATE TABLE `invoice` (
  `id` varchar(36) NOT NULL,
  `createdDate` datetime(6) DEFAULT current_timestamp(6),
  `lastModifiedDate` datetime(6) DEFAULT current_timestamp(6),
  `invoice_no` varchar(255) DEFAULT NULL,
  `invoice_date` date DEFAULT NULL,
  `pay_date` date DEFAULT NULL,
  `total` float DEFAULT NULL,
  `totalPoints` float DEFAULT NULL,
  `invoice_status` enum('APPROVED','CANCELLED','RETURNED','PENDING') NOT NULL,
  `notes` varchar(255) DEFAULT NULL,
  `createdById` varchar(36) DEFAULT NULL,
  `lastModifiedById` varchar(36) DEFAULT NULL,
  `mainInvoiceId` varchar(36) DEFAULT NULL,
  `cardTransactionId` varchar(36) DEFAULT NULL,
  `hospitalId` varchar(36) DEFAULT NULL,
  `moamalatId` varchar(20) NOT NULL
) ENGINE=InnoDB DEFAULT CHARSET=utf8mb4;

--
-- Dumping data for table `invoice`
--

INSERT INTO `invoice` (`id`, `createdDate`, `lastModifiedDate`, `invoice_no`, `invoice_date`, `pay_date`, `total`, `totalPoints`, `invoice_status`, `notes`, `createdById`, `lastModifiedById`, `mainInvoiceId`, `cardTransactionId`, `hospitalId`, `moamalatId`) VALUES
('01b053dd-23e6-42bc-84a4-18ec6b9cc033', '2021-05-01 23:56:05.419906', '2021-05-01 23:56:05.419906', 'IN-2021-4-4277', '2021-05-01', '2021-05-01', 31, NULL, 'APPROVED', '    : IN-2021-4-4277', '5525ad06-5571-4bb2-a0b9-4371ddd374e8', NULL, NULL, '8a180f54-5ef3-4bf1-bac4-b737eaf5d10a', '00c2d067-5a47-4a6d-8bc1-a47af7fd4bea', ''),
('1ddd4e8b-8f9c-4b19-86d2-8a621f7df9d2', '2021-05-01 23:53:40.001269', '2021-05-01 23:53:40.001269', 'IN-2021-4-3779', '2021-05-01', '2021-05-01', 1, NULL, 'APPROVED', '    : IN-2021-4-3779', '5525ad06-5571-4bb2-a0b9-4371ddd374e8', NULL, NULL, 'a78898a7-30a5-46aa-94ca-90d82e6b298f', '00c2d067-5a47-4a6d-8bc1-a47af7fd4bea', '33'),
('1ff86de2-e54b-49a1-80df-b56a981267b9', '2021-04-29 22:22:13.382788', '2021-04-29 22:22:13.382788', 'IN-2021-3-8078', '2021-04-29', '2021-04-29', 31, NULL, 'APPROVED', '    : IN-2021-3-8078', '5525ad06-5571-4bb2-a0b9-4371ddd374e8', NULL, NULL, '2de70f39-fada-4d46-b395-8acb41f11eda', '00c2d067-5a47-4a6d-8bc1-a47af7fd4bea', '12321'),
('378081dd-a0b6-41ca-8f88-fad00493de3a', '2021-04-29 22:30:09.464452', '2021-04-29 22:30:09.464452', 'IN-2021-3-3857', '2021-04-29', '2021-04-29', 1, NULL, 'APPROVED', '    : IN-2021-3-3857', '5525ad06-5571-4bb2-a0b9-4371ddd374e8', NULL, NULL, 'ac2d8f3f-cee9-4868-9e46-2c01b0600c90', '00c2d067-5a47-4a6d-8bc1-a47af7fd4bea', '12345'),
('4c5a6043-4bca-4934-bcc5-263b9bb2d28c', '2021-04-21 23:57:13.886257', '2021-04-21 23:57:13.886257', 'IN-2021-3-9496', '2021-04-21', '2021-04-21', 5, NULL, 'APPROVED', '    : IN-2021-3-9496', '5525ad06-5571-4bb2-a0b9-4371ddd374e8', NULL, NULL, '5b26eb52-7d92-423a-8d0b-55109dd3e9c9', '00c2d067-5a47-4a6d-8bc1-a47af7fd4bea', 'kjfdbfug56'),
('5accb524-3a20-4210-acbf-6ffb78803ead', '2021-05-01 23:33:19.241101', '2021-05-01 23:33:19.241101', 'IN-2021-4-3427', '2021-05-01', '2021-05-01', 31, NULL, 'APPROVED', '    : IN-2021-4-3427', '5525ad06-5571-4bb2-a0b9-4371ddd374e8', NULL, NULL, '40f3e6a3-a0d2-41a6-80df-72f3c56cda6f', '00c2d067-5a47-4a6d-8bc1-a47af7fd4bea', ''),
('711e6a6e-3ea2-48b0-ac64-312edd79e6f3', '2021-04-26 22:01:44.827770', '2021-04-26 22:01:44.827770', 'IN-2021-3-4053', '2021-04-26', '2021-04-26', 31, NULL, 'APPROVED', '    : IN-2021-3-4053', '5525ad06-5571-4bb2-a0b9-4371ddd374e8', NULL, NULL, '58b7c2f3-9d0f-4c87-81c4-cf6c35ad6621', '00c2d067-5a47-4a6d-8bc1-a47af7fd4bea', 'kjfdbfug11'),
('71c3a845-d2c2-42a9-8e5c-8abf4236da9f', '2021-04-21 23:53:11.066194', '2021-04-21 23:53:11.066194', 'IN-2021-3-7804', '2021-04-21', '2021-04-21', 31, NULL, 'APPROVED', '    : IN-2021-3-7804', '5525ad06-5571-4bb2-a0b9-4371ddd374e8', NULL, NULL, 'b8d6356e-3d97-4426-a2cd-f3dc023f5dc7', '00c2d067-5a47-4a6d-8bc1-a47af7fd4bea', 'kjfdbfug89'),
('74f6e2d5-b9bd-49c6-a379-6685c8176502', '2021-04-21 01:13:34.078916', '2021-04-21 01:13:34.078916', 'IN-2021-3-9841', '2021-04-20', '2021-04-20', 410, NULL, 'APPROVED', '    : IN-2021-3-9841', '5525ad06-5571-4bb2-a0b9-4371ddd374e8', NULL, NULL, '87134264-be7b-4394-8082-1ccc9bca4d69', '00c2d067-5a47-4a6d-8bc1-a47af7fd4bea', 'kjfdbfug09'),
('75344033-f121-4163-bfab-262b7ee570c0', '2021-05-04 23:07:28.611845', '2021-05-04 23:07:28.611845', 'IN-2021-4-3318', '2021-05-04', '2021-05-04', 31, NULL, 'APPROVED', '    : IN-2021-4-3318', '5525ad06-5571-4bb2-a0b9-4371ddd374e8', NULL, NULL, '28f86569-6a7a-481a-b53b-2dcb29a86bae', '00c2d067-5a47-4a6d-8bc1-a47af7fd4bea', '11'),
('7734a849-5c4e-403b-a3b6-330e952b36d6', '2021-05-06 22:51:16.569662', '2021-05-06 22:51:16.569662', 'IN-2021-4-6187', '2021-05-06', '2021-05-06', 31, NULL, 'APPROVED', '    : IN-2021-4-6187', '5525ad06-5571-4bb2-a0b9-4371ddd374e8', NULL, NULL, '50f6ef75-acef-4dfa-ba71-f286f4a47b31', '00c2d067-5a47-4a6d-8bc1-a47af7fd4bea', ' '),
('77c6277b-8e3e-45bf-808d-891efff1373f', '2021-05-01 23:41:17.139044', '2021-05-01 23:41:17.139044', 'IN-2021-4-6448', '2021-05-01', '2021-05-01', 1, NULL, 'APPROVED', '    : IN-2021-4-6448', '5525ad06-5571-4bb2-a0b9-4371ddd374e8', NULL, NULL, 'b8131a69-4f99-4921-b4bb-636808c738eb', '00c2d067-5a47-4a6d-8bc1-a47af7fd4bea', '42'),
('81886b00-c4a1-4caf-a725-47cb1a02a727', '2021-04-27 23:33:19.717191', '2021-04-27 23:33:19.717191', 'IN-2021-3-8381', '2021-04-27', '2021-04-27', 31, NULL, 'APPROVED', '    : IN-2021-3-8381', '5525ad06-5571-4bb2-a0b9-4371ddd374e8', NULL, NULL, 'c8afd3f1-63d4-4aa4-8dbc-7f71167c8e09', '00c2d067-5a47-4a6d-8bc1-a47af7fd4bea', 'kjfdbfug45'),
('81d0a115-efd4-480f-8ee0-27af5865dece', '2021-04-22 21:28:05.004209', '2021-04-22 21:28:32.000000', 'IN-2021-3-8879', '2021-04-22', '2021-04-22', 124, NULL, 'CANCELLED', '  :IN-2021-3-8879 ', '5525ad06-5571-4bb2-a0b9-4371ddd374e8', NULL, NULL, 'f9556af1-bf3f-4d4f-87f2-d0c7612266bd', '00c2d067-5a47-4a6d-8bc1-a47af7fd4bea', 'kjfdbfug1234'),
('904948f8-b34e-46bf-9a68-12d7343c97db', '2021-05-06 22:11:25.119765', '2021-05-06 22:11:25.119765', 'IN-2021-4-1352', '2021-05-06', '2021-05-06', 31, NULL, 'APPROVED', '    : IN-2021-4-1352', '5525ad06-5571-4bb2-a0b9-4371ddd374e8', NULL, NULL, '4ddf319c-be2a-4d7d-b95d-b41a96f5a100', '00c2d067-5a47-4a6d-8bc1-a47af7fd4bea', '12334'),
('934f9a0e-6947-47e7-88d6-4678a71d1240', '2021-05-10 02:34:49.128527', '2021-05-10 02:34:49.128527', 'IN-2021-4-1396', '2021-05-10', '2021-05-10', 31, NULL, 'PENDING', '    : IN-2021-4-1396', '5525ad06-5571-4bb2-a0b9-4371ddd374e8', NULL, NULL, 'cb5734f4-58aa-426d-bc6f-113b3f02000f', '00c2d067-5a47-4a6d-8bc1-a47af7fd4bea', '65625626'),
('9d181ef1-f2e1-47df-b3bd-c1fae3dd1aa5', '2021-04-21 00:03:23.677083', '2021-04-21 00:03:23.677083', 'IN-2021-3-9473', '2021-04-20', '2021-04-20', 80, NULL, 'APPROVED', '    : IN-2021-3-9473', '5525ad06-5571-4bb2-a0b9-4371ddd374e8', NULL, NULL, '2d06213c-8e31-4965-a001-eceb25c134e8', '00c2d067-5a47-4a6d-8bc1-a47af7fd4bea', 'kjfdbfug767'),
('aa154cc4-e167-46f9-a5f3-401ea0c5fe25', '2021-04-24 22:15:13.309597', '2021-04-24 22:15:13.309597', 'IN-2021-3-7153', '2021-04-24', '2021-04-24', 132, NULL, 'APPROVED', '    : IN-2021-3-7153', '5525ad06-5571-4bb2-a0b9-4371ddd374e8', NULL, NULL, '9e0dff21-9b46-46bb-9880-5b0b4dfe235a', '00c2d067-5a47-4a6d-8bc1-a47af7fd4bea', 'kjfdbfug14'),
('ae20e495-337b-4c2d-9b41-4ad8102d71e9', '2021-05-06 23:21:15.118580', '2021-05-07 02:21:30.000000', 'IN-2021-4-5328', '2021-05-06', '2021-05-06', 31, NULL, 'PENDING', '    : IN-2021-4-5328', '5525ad06-5571-4bb2-a0b9-4371ddd374e8', '8b6aa7de-5382-49cd-9b79-5d522c604849', NULL, 'a21fb352-a236-45a8-a126-60af9cf52ee6', '00c2d067-5a47-4a6d-8bc1-a47af7fd4bea', '234555'),
('b9e09f9c-88ef-409a-bff6-03a2199a9710', '2021-05-01 23:43:28.064269', '2021-05-01 23:43:28.064269', 'IN-2021-4-7828', '2021-05-01', '2021-05-01', 31, NULL, 'APPROVED', '    : IN-2021-4-7828', '5525ad06-5571-4bb2-a0b9-4371ddd374e8', NULL, NULL, '3f08d6ca-8c5b-4f6e-9f15-5a2ded1d3026', '00c2d067-5a47-4a6d-8bc1-a47af7fd4bea', '122222'),
('bd512680-955a-46e0-8c27-50f637f6c0a4', '2021-05-01 23:39:55.156681', '2021-05-01 23:39:55.156681', 'IN-2021-4-6576', '2021-05-01', '2021-05-01', 1, NULL, 'APPROVED', '    : IN-2021-4-6576', '5525ad06-5571-4bb2-a0b9-4371ddd374e8', NULL, NULL, '16023ee0-9e0b-4aa2-8bd3-e4b1a3e531a6', '00c2d067-5a47-4a6d-8bc1-a47af7fd4bea', '23451'),
('c54e5615-c019-4ed4-a2f2-621160f9502c', '2021-05-06 22:47:21.653342', '2021-05-06 22:47:21.653342', 'IN-2021-4-1034', '2021-05-06', '2021-05-06', 31, NULL, 'APPROVED', '    : IN-2021-4-1034', '5525ad06-5571-4bb2-a0b9-4371ddd374e8', NULL, NULL, 'afacb8ca-8874-4675-b399-675efd0eb386', '00c2d067-5a47-4a6d-8bc1-a47af7fd4bea', '111111'),
('d5bfafbf-9dcb-4f65-9adb-f066a9447d36', '2021-04-21 00:04:25.589537', '2021-04-21 00:04:25.589537', 'RIN-2021-3-9216', '2021-04-20', '2021-04-20', 50, NULL, 'RETURNED', '     RIN-2021-3-9216', '5525ad06-5571-4bb2-a0b9-4371ddd374e8', NULL, '9d181ef1-f2e1-47df-b3bd-c1fae3dd1aa5', '18a0d85c-a710-4967-895b-ec5d8811adf8', '00c2d067-5a47-4a6d-8bc1-a47af7fd4bea', 'kjfdbfug'),
('db3b3385-e8a9-4c5f-acfa-75367cb8f3b3', '2021-05-01 23:48:32.953605', '2021-05-01 23:48:32.953605', 'IN-2021-4-3872', '2021-05-01', '2021-05-01', 31, NULL, 'APPROVED', '    : IN-2021-4-3872', '5525ad06-5571-4bb2-a0b9-4371ddd374e8', NULL, NULL, 'f19daa0f-6f45-49ce-840f-bd4fabcf7ed4', '00c2d067-5a47-4a6d-8bc1-a47af7fd4bea', '123475'),
('dd7678a1-5920-4b44-acfd-187ce6cdb17e', '2021-04-25 22:16:29.392086', '2021-04-25 22:16:29.392086', 'IN-2021-3-5149', '2021-04-25', '2021-04-25', 31, NULL, 'APPROVED', '    : IN-2021-3-5149', '5525ad06-5571-4bb2-a0b9-4371ddd374e8', NULL, NULL, 'a45e38fe-73b2-45c3-bcb8-34c10a5f92bf', '00c2d067-5a47-4a6d-8bc1-a47af7fd4bea', 'kjfdbfug22'),
('fa03945a-8720-4a08-8875-456b657a4b46', '2021-04-29 23:29:04.938340', '2021-04-29 23:29:04.938340', 'IN-2021-3-4983', '2021-04-29', '2021-04-29', 32, NULL, 'APPROVED', '    : IN-2021-3-4983', '5525ad06-5571-4bb2-a0b9-4371ddd374e8', NULL, NULL, 'e0fb1eb5-1d0e-48d1-bfea-6bf84df4e038', '00c2d067-5a47-4a6d-8bc1-a47af7fd4bea', '6565456'),
('fc583e43-2dbb-4c2a-8fc8-b904a77a8399', '2021-05-06 22:06:20.210240', '2021-05-06 22:06:20.210240', 'IN-2021-4-7062', '2021-05-06', '2021-05-06', 31, NULL, 'APPROVED', '    : IN-2021-4-7062', '5525ad06-5571-4bb2-a0b9-4371ddd374e8', NULL, NULL, '343e02bc-67bd-443e-97a1-a9ef9c1dafa8', '00c2d067-5a47-4a6d-8bc1-a47af7fd4bea', '33');

-- --------------------------------------------------------

--
-- Table structure for table `invoice_benefits`
--

CREATE TABLE `invoice_benefits` (
  `id` varchar(36) NOT NULL,
  `createdDate` datetime(6) DEFAULT current_timestamp(6),
  `lastModifiedDate` datetime(6) DEFAULT current_timestamp(6),
  `points_cost` float DEFAULT NULL,
  `cost` float DEFAULT NULL,
  `quantity` int(11) DEFAULT NULL,
  `total` float DEFAULT NULL,
  `createdById` varchar(36) DEFAULT NULL,
  `lastModifiedById` varchar(36) DEFAULT NULL,
  `benefitId` varchar(36) DEFAULT NULL,
  `invoiceId` varchar(36) DEFAULT NULL
) ENGINE=InnoDB DEFAULT CHARSET=utf8mb4;

--
-- Dumping data for table `invoice_benefits`
--

INSERT INTO `invoice_benefits` (`id`, `createdDate`, `lastModifiedDate`, `points_cost`, `cost`, `quantity`, `total`, `createdById`, `lastModifiedById`, `benefitId`, `invoiceId`) VALUES
('0e0190fa-2aa4-45a3-a2ab-fbd12ea4050b', '2021-05-01 23:48:33.001024', '2021-05-01 23:48:33.001024', NULL, 31, 1, 31, NULL, NULL, '3213ebae-7292-45cb-8c2d-bc622f08f206', 'db3b3385-e8a9-4c5f-acfa-75367cb8f3b3'),
('0e2fde6f-5058-43df-b53e-adb9dc9a90df', '2021-04-21 00:04:25.631269', '2021-04-21 00:04:25.631269', NULL, 50, 1, 50, NULL, NULL, '3213ebae-7292-45cb-8c2d-bc622f08f206', 'd5bfafbf-9dcb-4f65-9adb-f066a9447d36'),
('0f3f11af-263b-49f4-9a1a-abd792d4121c', '2021-04-21 01:13:34.097843', '2021-04-21 01:13:34.097843', NULL, 80, 4, 320, NULL, NULL, '3213ebae-7292-45cb-8c2d-bc622f08f206', '74f6e2d5-b9bd-49c6-a379-6685c8176502'),
('14c3cd96-9844-48dc-8924-dccb4a5446b9', '2021-04-21 23:57:13.932651', '2021-04-21 23:57:13.932651', NULL, 1, 5, 5, NULL, NULL, '22f568ee-0c0c-47f2-bcfa-d064706ee8a5', '4c5a6043-4bca-4934-bcc5-263b9bb2d28c'),
('1fef921c-ea2c-4370-9359-95291909995e', '2021-04-26 22:01:44.855589', '2021-04-26 22:01:44.855589', NULL, 31, 1, 31, NULL, NULL, '3213ebae-7292-45cb-8c2d-bc622f08f206', '711e6a6e-3ea2-48b0-ac64-312edd79e6f3'),
('30d1c0ba-2668-4e17-bb73-7bf016a64719', '2021-04-29 22:22:13.469227', '2021-04-29 22:22:13.469227', NULL, 31, 1, 31, NULL, NULL, '3213ebae-7292-45cb-8c2d-bc622f08f206', '1ff86de2-e54b-49a1-80df-b56a981267b9'),
('458e20c2-3a02-4181-ba7b-c94aff3d96e9', '2021-04-29 22:30:09.531254', '2021-04-29 22:30:09.531254', NULL, 1, 1, 1, NULL, NULL, '22f568ee-0c0c-47f2-bcfa-d064706ee8a5', '378081dd-a0b6-41ca-8f88-fad00493de3a'),
('4c4105db-2771-4fd4-8814-4cc44573841f', '2021-04-21 23:53:11.091724', '2021-04-21 23:53:11.091724', NULL, 31, 1, 31, NULL, NULL, '3213ebae-7292-45cb-8c2d-bc622f08f206', '71c3a845-d2c2-42a9-8e5c-8abf4236da9f'),
('4d882697-8570-41a5-a7e1-120dbdea3bbb', '2021-05-01 23:41:17.197974', '2021-05-01 23:41:17.197974', NULL, 1, 1, 1, NULL, NULL, '22f568ee-0c0c-47f2-bcfa-d064706ee8a5', '77c6277b-8e3e-45bf-808d-891efff1373f'),
('4f1a23fb-35a9-44ca-a8f9-67f66a62522e', '2021-04-27 23:33:19.758942', '2021-04-27 23:33:19.758942', NULL, 31, 1, 31, NULL, NULL, '3213ebae-7292-45cb-8c2d-bc622f08f206', '81886b00-c4a1-4caf-a725-47cb1a02a727'),
('69955760-0949-447c-8e97-8fc473d3fab0', '2021-05-01 23:33:19.316979', '2021-05-01 23:33:19.316979', NULL, 31, 1, 31, NULL, NULL, '3213ebae-7292-45cb-8c2d-bc622f08f206', '5accb524-3a20-4210-acbf-6ffb78803ead'),
('6bbcd05e-1c86-4da4-aac0-4488375ddc3c', '2021-04-21 00:03:23.722773', '2021-04-21 00:03:23.722773', NULL, 30, 1, 30, NULL, NULL, '22f568ee-0c0c-47f2-bcfa-d064706ee8a5', '9d181ef1-f2e1-47df-b3bd-c1fae3dd1aa5'),
('7ac3ebb5-1b4c-4705-8c66-4377462ac6ca', '2021-04-24 22:15:13.346562', '2021-04-24 22:15:13.346562', NULL, 31, 1, 31, NULL, NULL, '3213ebae-7292-45cb-8c2d-bc622f08f206', 'aa154cc4-e167-46f9-a5f3-401ea0c5fe25'),
('89bdeef1-4895-4742-bb69-0e4171e6b4cd', '2021-05-06 23:21:15.198287', '2021-05-06 23:21:15.198287', NULL, 31, 1, 31, NULL, NULL, '3213ebae-7292-45cb-8c2d-bc622f08f206', 'ae20e495-337b-4c2d-9b41-4ad8102d71e9'),
('8a9f10e3-6e63-4e7b-a241-ba1304eecb64', '2021-05-06 22:51:16.657867', '2021-05-06 22:51:16.657867', NULL, 31, 1, 31, NULL, NULL, '3213ebae-7292-45cb-8c2d-bc622f08f206', '7734a849-5c4e-403b-a3b6-330e952b36d6'),
('8b5a2929-d456-4880-abb0-7199d52717bc', '2021-04-21 01:13:34.119330', '2021-04-21 01:13:34.119330', NULL, 30, 3, 90, NULL, NULL, '22f568ee-0c0c-47f2-bcfa-d064706ee8a5', '74f6e2d5-b9bd-49c6-a379-6685c8176502'),
('91c8d941-e90a-40d8-98c6-f8b43dd94cd9', '2021-05-04 23:07:28.691570', '2021-05-04 23:07:28.691570', NULL, 31, 1, 31, NULL, NULL, '3213ebae-7292-45cb-8c2d-bc622f08f206', '75344033-f121-4163-bfab-262b7ee570c0'),
('95bbe800-b027-46b6-b94a-c29bcf49fce3', '2021-05-10 02:34:49.193772', '2021-05-10 02:34:49.193772', NULL, 31, 1, 31, NULL, NULL, '3213ebae-7292-45cb-8c2d-bc622f08f206', '934f9a0e-6947-47e7-88d6-4678a71d1240'),
('97139229-782e-4696-b8e2-b6fbd2d58004', '2021-04-25 22:16:29.436811', '2021-04-25 22:16:29.436811', NULL, 31, 1, 31, NULL, NULL, '3213ebae-7292-45cb-8c2d-bc622f08f206', 'dd7678a1-5920-4b44-acfd-187ce6cdb17e'),
('98805d25-9e0b-44cf-b1d6-4362fbddcf22', '2021-04-24 22:15:13.387131', '2021-04-24 22:15:13.387131', NULL, 1, 1, 1, NULL, NULL, '22f568ee-0c0c-47f2-bcfa-d064706ee8a5', 'aa154cc4-e167-46f9-a5f3-401ea0c5fe25'),
('989a559a-e305-4083-a793-53840cd2b3b2', '2021-05-06 22:06:20.279620', '2021-05-06 22:06:20.279620', NULL, 31, 1, 31, NULL, NULL, '3213ebae-7292-45cb-8c2d-bc622f08f206', 'fc583e43-2dbb-4c2a-8fc8-b904a77a8399'),
('9bc43f4d-9efc-4635-b937-e18a7f13b0e9', '2021-05-01 23:39:55.209060', '2021-05-01 23:39:55.209060', NULL, 1, 1, 1, NULL, NULL, '22f568ee-0c0c-47f2-bcfa-d064706ee8a5', 'bd512680-955a-46e0-8c27-50f637f6c0a4'),
('b4cce65e-fa80-4e71-99dc-6611ad88ec95', '2021-05-01 23:56:05.490241', '2021-05-01 23:56:05.490241', NULL, 31, 1, 31, NULL, NULL, '3213ebae-7292-45cb-8c2d-bc622f08f206', '01b053dd-23e6-42bc-84a4-18ec6b9cc033'),
('c19c2fb0-1795-4149-910a-59fdb7434cd5', '2021-05-01 23:53:40.051569', '2021-05-01 23:53:40.051569', NULL, 1, 1, 1, NULL, NULL, '22f568ee-0c0c-47f2-bcfa-d064706ee8a5', '1ddd4e8b-8f9c-4b19-86d2-8a621f7df9d2'),
('db23c93d-c3fa-4304-96c6-5997be358a50', '2021-04-29 23:29:05.008791', '2021-04-29 23:29:05.008791', NULL, 31, 1, 31, NULL, NULL, '3213ebae-7292-45cb-8c2d-bc622f08f206', 'fa03945a-8720-4a08-8875-456b657a4b46'),
('dc58c39b-2841-4e30-ac82-fa4a7f5afe66', '2021-04-21 00:03:23.701222', '2021-04-21 00:03:23.701222', NULL, 50, 1, 50, NULL, NULL, '3213ebae-7292-45cb-8c2d-bc622f08f206', '9d181ef1-f2e1-47df-b3bd-c1fae3dd1aa5'),
('de25c14e-5bda-438b-9a90-a3ccefef76e4', '2021-04-24 22:15:13.369791', '2021-04-24 22:15:13.369791', NULL, 100, 1, 100, NULL, NULL, '8fb0b040-937e-4396-8c49-9eb7276c3752', 'aa154cc4-e167-46f9-a5f3-401ea0c5fe25'),
('dec5091f-fea3-4b19-b3c6-b81354b012f0', '2021-04-29 23:29:05.082894', '2021-04-29 23:29:05.082894', NULL, 1, 1, 1, NULL, NULL, '22f568ee-0c0c-47f2-bcfa-d064706ee8a5', 'fa03945a-8720-4a08-8875-456b657a4b46'),
('eec19ebb-9078-45d3-af7d-8e2a4a49f14f', '2021-05-06 22:11:25.179498', '2021-05-06 22:11:25.179498', NULL, 31, 1, 31, NULL, NULL, '3213ebae-7292-45cb-8c2d-bc622f08f206', '904948f8-b34e-46bf-9a68-12d7343c97db'),
('fa06b60b-ebc4-44f6-8eac-87a810ead84a', '2021-05-06 22:47:21.730335', '2021-05-06 22:47:21.730335', NULL, 31, 1, 31, NULL, NULL, '3213ebae-7292-45cb-8c2d-bc622f08f206', 'c54e5615-c019-4ed4-a2f2-621160f9502c'),
('fb03e449-3191-4a63-8b58-0df013d1d20c', '2021-04-22 21:28:05.179074', '2021-04-22 21:28:05.179074', NULL, 31, 4, 124, NULL, NULL, '3213ebae-7292-45cb-8c2d-bc622f08f206', '81d0a115-efd4-480f-8ee0-27af5865dece'),
('fc4855a7-28a0-47c8-a1b7-5572856481cb', '2021-05-01 23:43:28.116004', '2021-05-01 23:43:28.116004', NULL, 31, 1, 31, NULL, NULL, '3213ebae-7292-45cb-8c2d-bc622f08f206', 'b9e09f9c-88ef-409a-bff6-03a2199a9710');

-- --------------------------------------------------------

--
-- Table structure for table `migrations`
--

CREATE TABLE `migrations` (
  `id` int(11) NOT NULL,
  `timestamp` bigint(20) NOT NULL,
  `name` varchar(255) NOT NULL
) ENGINE=InnoDB DEFAULT CHARSET=utf8mb4;

--
-- Dumping data for table `migrations`
--

INSERT INTO `migrations` (`id`, `timestamp`, `name`) VALUES
(1, 1570200270081, 'CreateTables1570200270081'),
(2, 1570200490072, 'SeedUsersRoles1570200490072');

-- --------------------------------------------------------

--
-- Table structure for table `nhi_authority`
--

CREATE TABLE `nhi_authority` (
  `name` varchar(255) NOT NULL
) ENGINE=InnoDB DEFAULT CHARSET=utf8mb4;

--
-- Dumping data for table `nhi_authority`
--

INSERT INTO `nhi_authority` (`name`) VALUES
('ROLE_ADMIN'),
('ROLE_COMPANY_ADMIN'),
('ROLE_HOSPITAL_ADMIN'),
('ROLE_USER');

-- --------------------------------------------------------

--
-- Table structure for table `nhi_user`
--

CREATE TABLE `nhi_user` (
  `id` varchar(36) NOT NULL,
  `createdDate` datetime(6) DEFAULT current_timestamp(6),
  `lastModifiedDate` datetime(6) DEFAULT current_timestamp(6),
  `login` varchar(255) NOT NULL,
  `firstName` varchar(255) DEFAULT NULL,
  `lastName` varchar(255) DEFAULT NULL,
  `email` varchar(255) NOT NULL,
  `activated` tinyint(4) NOT NULL DEFAULT 0,
  `langKey` varchar(255) NOT NULL DEFAULT 'en',
  `password` varchar(255) NOT NULL,
  `imageUrl` varchar(255) DEFAULT NULL,
  `activationKey` varchar(255) DEFAULT NULL,
  `resetKey` varchar(255) DEFAULT NULL,
  `resetDate` datetime DEFAULT NULL,
  `createdById` varchar(36) DEFAULT NULL,
  `lastModifiedById` varchar(36) DEFAULT NULL
) ENGINE=InnoDB DEFAULT CHARSET=utf8mb4;

--
-- Dumping data for table `nhi_user`
--

INSERT INTO `nhi_user` (`id`, `createdDate`, `lastModifiedDate`, `login`, `firstName`, `lastName`, `email`, `activated`, `langKey`, `password`, `imageUrl`, `activationKey`, `resetKey`, `resetDate`, `createdById`, `lastModifiedById`) VALUES
('5525ad06-5571-4bb2-a0b9-4371ddd374e8', '2021-04-20 23:23:20.256292', '2021-04-21 23:31:34.000000', 'AL JASSER', ' ', 'AL JASSER', 'info@aljsser.com.ly', 1, 'en', 'VPOtl52SYtOi3USJUx2vNAeCKN6/WNfNRlSrwdnytzM=', NULL, NULL, NULL, NULL, NULL, NULL),
('625e3944-260e-47fe-b2b7-f8aab6e18b50', '2021-04-18 14:39:30.322936', '2021-04-18 14:39:30.322936', 'user', 'User', 'User', 'user@localhost.it', 1, 'en', 'VPOtl52SYtOi3USJUx2vNLIBklQFUmTpn6qGnaYdtlI=', '', NULL, NULL, NULL, NULL, NULL),
('8a5f30bb-e43e-47e6-8115-69da6ae5d371', '2021-04-21 00:40:17.923022', '2021-04-21 00:40:17.923022', 'al soror clink', ' ', 'al soror clink', 'info@soror.com.ly', 1, 'en', 'VPOtl52SYtOi3USJUx2vNPah9J8rKGJaoqeK7n6K6sg=', NULL, NULL, NULL, NULL, NULL, NULL),
('8b6aa7de-5382-49cd-9b79-5d522c604849', '2021-04-18 14:39:30.300341', '2021-04-18 14:39:30.300341', 'system', 'System', 'System', 'system@localhost.it', 1, 'en', 'VPOtl52SYtOi3USJUx2vNMGElN/ZUcBh9tVNBKyAko4=', '', NULL, NULL, NULL, NULL, NULL),
('9bd4f470-9ef9-47db-9bdb-20a68ef1ed70', '2021-04-20 02:19:06.278038', '2021-04-20 02:19:06.278038', 'alshifa', '', 'alshifa', 'moh@s.com', 1, 'en', 'VPOtl52SYtOi3USJUx2vNE+6WvNgY3UZBTZ0uvKgiSo=', NULL, NULL, NULL, NULL, NULL, NULL),
('a2e352a7-13b7-4133-b907-896f50822ec7', '2021-04-22 00:03:30.681326', '2021-04-22 00:03:30.681326', 'alaalden', '', NULL, 'alaalden@gmail.com', 1, 'en', 'VPOtl52SYtOi3USJUx2vNBAxol4vAebVmqTszbLAr3g=', NULL, NULL, NULL, NULL, NULL, NULL),
('a5d62ccc-df42-4f94-b112-91f55feb782c', '2021-04-20 02:20:33.416504', '2021-04-20 02:20:33.416504', ';icundtb', '', ';icundtb', 'mohashaibi1@gmail.com', 1, 'en', 'VPOtl52SYtOi3USJUx2vNNxQM+cMG+qc28+4HFJokjY=', NULL, NULL, NULL, NULL, NULL, NULL),
('c999ce37-a785-460c-9584-c024828c021d', '2021-04-18 14:39:30.315901', '2021-04-18 14:39:30.315901', 'admin', 'Administrator', 'Administrator', 'admin@localhost.it', 1, 'en', 'VPOtl52SYtOi3USJUx2vNE0+es3a+tEWQ1cg5XqcjS0=', '', NULL, NULL, NULL, NULL, NULL),
('e0395f8f-3740-489a-865f-9a123bc824fe', '2021-04-20 23:20:58.274118', '2021-04-21 23:32:25.000000', 'Libyan company of oil', '  ', 'Libyan company of oil', 'info@lco.com.ly', 1, 'en', 'VPOtl52SYtOi3USJUx2vNPf4wlIFi0VKeLWquFVTW8dUSAS1q5liaHgzi6BJ4fGo', NULL, NULL, NULL, NULL, NULL, NULL),
('f91933c1-c1d3-419b-9d94-e10acbdb072c', '2021-04-18 14:39:30.311052', '2021-04-18 14:39:30.311052', 'anonymoususer', 'Anonymous', 'User', 'anonymoususer@localhost.it', 1, 'en', 'VPOtl52SYtOi3USJUx2vNEhOqrE7KlKl/CvXkcs+r8Q=', '', NULL, NULL, NULL, NULL, NULL),
('fb306838-7089-42d4-831a-088d63945192', '2021-04-21 00:44:57.398204', '2021-04-21 00:44:57.398204', 'al foad', ' ', 'al foad', 'info@soror.ly', 1, 'en', 'VPOtl52SYtOi3USJUx2vNI7X+UJvGpD1hJpaUpaLtJ8=', NULL, NULL, NULL, NULL, NULL, NULL);

-- --------------------------------------------------------

--
-- Table structure for table `nhi_user_authorities_nhi_authority`
--

CREATE TABLE `nhi_user_authorities_nhi_authority` (
  `nhiUserId` varchar(36) NOT NULL,
  `nhiAuthorityName` varchar(255) NOT NULL
) ENGINE=InnoDB DEFAULT CHARSET=utf8mb4;

--
-- Dumping data for table `nhi_user_authorities_nhi_authority`
--

INSERT INTO `nhi_user_authorities_nhi_authority` (`nhiUserId`, `nhiAuthorityName`) VALUES
('5525ad06-5571-4bb2-a0b9-4371ddd374e8', 'ROLE_HOSPITAL_ADMIN'),
('5525ad06-5571-4bb2-a0b9-4371ddd374e8', 'ROLE_USER'),
('625e3944-260e-47fe-b2b7-f8aab6e18b50', 'ROLE_COMPANY_ADMIN'),
('625e3944-260e-47fe-b2b7-f8aab6e18b50', 'ROLE_HOSPITAL_ADMIN'),
('625e3944-260e-47fe-b2b7-f8aab6e18b50', 'ROLE_USER'),
('8a5f30bb-e43e-47e6-8115-69da6ae5d371', 'ROLE_HOSPITAL_ADMIN'),
('8a5f30bb-e43e-47e6-8115-69da6ae5d371', 'ROLE_USER'),
('8b6aa7de-5382-49cd-9b79-5d522c604849', 'ROLE_ADMIN'),
('8b6aa7de-5382-49cd-9b79-5d522c604849', 'ROLE_USER'),
('9bd4f470-9ef9-47db-9bdb-20a68ef1ed70', 'ROLE_HOSPITAL_ADMIN'),
('9bd4f470-9ef9-47db-9bdb-20a68ef1ed70', 'ROLE_USER'),
('a2e352a7-13b7-4133-b907-896f50822ec7', 'ROLE_ADMIN'),
('a2e352a7-13b7-4133-b907-896f50822ec7', 'ROLE_USER'),
('a5d62ccc-df42-4f94-b112-91f55feb782c', 'ROLE_HOSPITAL_ADMIN'),
('a5d62ccc-df42-4f94-b112-91f55feb782c', 'ROLE_USER'),
('c999ce37-a785-460c-9584-c024828c021d', 'ROLE_ADMIN'),
('c999ce37-a785-460c-9584-c024828c021d', 'ROLE_USER'),
('e0395f8f-3740-489a-865f-9a123bc824fe', 'ROLE_COMPANY_ADMIN'),
('e0395f8f-3740-489a-865f-9a123bc824fe', 'ROLE_USER'),
('fb306838-7089-42d4-831a-088d63945192', 'ROLE_HOSPITAL_ADMIN'),
('fb306838-7089-42d4-831a-088d63945192', 'ROLE_USER');

-- --------------------------------------------------------

--
-- Table structure for table `pma__bookmark`
--

CREATE TABLE `pma__bookmark` (
  `id` int(10) UNSIGNED NOT NULL,
  `dbase` varchar(255) COLLATE utf8_bin NOT NULL DEFAULT '',
  `user` varchar(255) COLLATE utf8_bin NOT NULL DEFAULT '',
  `label` varchar(255) CHARACTER SET utf8 NOT NULL DEFAULT '',
  `query` text COLLATE utf8_bin NOT NULL
) ENGINE=InnoDB DEFAULT CHARSET=utf8 COLLATE=utf8_bin COMMENT='Bookmarks';

-- --------------------------------------------------------

--
-- Table structure for table `pma__central_columns`
--

CREATE TABLE `pma__central_columns` (
  `db_name` varchar(64) COLLATE utf8_bin NOT NULL,
  `col_name` varchar(64) COLLATE utf8_bin NOT NULL,
  `col_type` varchar(64) COLLATE utf8_bin NOT NULL,
  `col_length` text COLLATE utf8_bin DEFAULT NULL,
  `col_collation` varchar(64) COLLATE utf8_bin NOT NULL,
  `col_isNull` tinyint(1) NOT NULL,
  `col_extra` varchar(255) COLLATE utf8_bin DEFAULT '',
  `col_default` text COLLATE utf8_bin DEFAULT NULL
) ENGINE=InnoDB DEFAULT CHARSET=utf8 COLLATE=utf8_bin COMMENT='Central list of columns';

-- --------------------------------------------------------

--
-- Table structure for table `pma__column_info`
--

CREATE TABLE `pma__column_info` (
  `id` int(10) UNSIGNED NOT NULL,
  `db_name` varchar(64) COLLATE utf8_bin NOT NULL DEFAULT '',
  `table_name` varchar(64) COLLATE utf8_bin NOT NULL DEFAULT '',
  `column_name` varchar(64) COLLATE utf8_bin NOT NULL DEFAULT '',
  `comment` varchar(255) CHARACTER SET utf8 NOT NULL DEFAULT '',
  `mimetype` varchar(255) CHARACTER SET utf8 NOT NULL DEFAULT '',
  `transformation` varchar(255) COLLATE utf8_bin NOT NULL DEFAULT '',
  `transformation_options` varchar(255) COLLATE utf8_bin NOT NULL DEFAULT '',
  `input_transformation` varchar(255) COLLATE utf8_bin NOT NULL DEFAULT '',
  `input_transformation_options` varchar(255) COLLATE utf8_bin NOT NULL DEFAULT ''
) ENGINE=InnoDB DEFAULT CHARSET=utf8 COLLATE=utf8_bin COMMENT='Column information for phpMyAdmin';

-- --------------------------------------------------------

--
-- Table structure for table `pma__designer_settings`
--

CREATE TABLE `pma__designer_settings` (
  `username` varchar(64) COLLATE utf8_bin NOT NULL,
  `settings_data` text COLLATE utf8_bin NOT NULL
) ENGINE=InnoDB DEFAULT CHARSET=utf8 COLLATE=utf8_bin COMMENT='Settings related to Designer';

-- --------------------------------------------------------

--
-- Table structure for table `pma__export_templates`
--

CREATE TABLE `pma__export_templates` (
  `id` int(10) UNSIGNED NOT NULL,
  `username` varchar(64) COLLATE utf8_bin NOT NULL,
  `export_type` varchar(10) COLLATE utf8_bin NOT NULL,
  `template_name` varchar(64) COLLATE utf8_bin NOT NULL,
  `template_data` text COLLATE utf8_bin NOT NULL
) ENGINE=InnoDB DEFAULT CHARSET=utf8 COLLATE=utf8_bin COMMENT='Saved export templates';

-- --------------------------------------------------------

--
-- Table structure for table `pma__favorite`
--

CREATE TABLE `pma__favorite` (
  `username` varchar(64) COLLATE utf8_bin NOT NULL,
  `tables` text COLLATE utf8_bin NOT NULL
) ENGINE=InnoDB DEFAULT CHARSET=utf8 COLLATE=utf8_bin COMMENT='Favorite tables';

-- --------------------------------------------------------

--
-- Table structure for table `pma__history`
--

CREATE TABLE `pma__history` (
  `id` bigint(20) UNSIGNED NOT NULL,
  `username` varchar(64) COLLATE utf8_bin NOT NULL DEFAULT '',
  `db` varchar(64) COLLATE utf8_bin NOT NULL DEFAULT '',
  `table` varchar(64) COLLATE utf8_bin NOT NULL DEFAULT '',
  `timevalue` timestamp NOT NULL DEFAULT current_timestamp(),
  `sqlquery` text COLLATE utf8_bin NOT NULL
) ENGINE=InnoDB DEFAULT CHARSET=utf8 COLLATE=utf8_bin COMMENT='SQL history for phpMyAdmin';

-- --------------------------------------------------------

--
-- Table structure for table `pma__navigationhiding`
--

CREATE TABLE `pma__navigationhiding` (
  `username` varchar(64) COLLATE utf8_bin NOT NULL,
  `item_name` varchar(64) COLLATE utf8_bin NOT NULL,
  `item_type` varchar(64) COLLATE utf8_bin NOT NULL,
  `db_name` varchar(64) COLLATE utf8_bin NOT NULL,
  `table_name` varchar(64) COLLATE utf8_bin NOT NULL
) ENGINE=InnoDB DEFAULT CHARSET=utf8 COLLATE=utf8_bin COMMENT='Hidden items of navigation tree';

-- --------------------------------------------------------

--
-- Table structure for table `pma__pdf_pages`
--

CREATE TABLE `pma__pdf_pages` (
  `db_name` varchar(64) COLLATE utf8_bin NOT NULL DEFAULT '',
  `page_nr` int(10) UNSIGNED NOT NULL,
  `page_descr` varchar(50) CHARACTER SET utf8 NOT NULL DEFAULT ''
) ENGINE=InnoDB DEFAULT CHARSET=utf8 COLLATE=utf8_bin COMMENT='PDF relation pages for phpMyAdmin';

-- --------------------------------------------------------

--
-- Table structure for table `pma__recent`
--

CREATE TABLE `pma__recent` (
  `username` varchar(64) COLLATE utf8_bin NOT NULL,
  `tables` text COLLATE utf8_bin NOT NULL
) ENGINE=InnoDB DEFAULT CHARSET=utf8 COLLATE=utf8_bin COMMENT='Recently accessed tables';

--
-- Dumping data for table `pma__recent`
--

INSERT INTO `pma__recent` (`username`, `tables`) VALUES
('dev', '[{\"db\":\"alwasata_sahati\",\"table\":\"card\"}]');

-- --------------------------------------------------------

--
-- Table structure for table `pma__relation`
--

CREATE TABLE `pma__relation` (
  `master_db` varchar(64) COLLATE utf8_bin NOT NULL DEFAULT '',
  `master_table` varchar(64) COLLATE utf8_bin NOT NULL DEFAULT '',
  `master_field` varchar(64) COLLATE utf8_bin NOT NULL DEFAULT '',
  `foreign_db` varchar(64) COLLATE utf8_bin NOT NULL DEFAULT '',
  `foreign_table` varchar(64) COLLATE utf8_bin NOT NULL DEFAULT '',
  `foreign_field` varchar(64) COLLATE utf8_bin NOT NULL DEFAULT ''
) ENGINE=InnoDB DEFAULT CHARSET=utf8 COLLATE=utf8_bin COMMENT='Relation table';

-- --------------------------------------------------------

--
-- Table structure for table `pma__savedsearches`
--

CREATE TABLE `pma__savedsearches` (
  `id` int(10) UNSIGNED NOT NULL,
  `username` varchar(64) COLLATE utf8_bin NOT NULL DEFAULT '',
  `db_name` varchar(64) COLLATE utf8_bin NOT NULL DEFAULT '',
  `search_name` varchar(64) COLLATE utf8_bin NOT NULL DEFAULT '',
  `search_data` text COLLATE utf8_bin NOT NULL
) ENGINE=InnoDB DEFAULT CHARSET=utf8 COLLATE=utf8_bin COMMENT='Saved searches';

-- --------------------------------------------------------

--
-- Table structure for table `pma__table_coords`
--

CREATE TABLE `pma__table_coords` (
  `db_name` varchar(64) COLLATE utf8_bin NOT NULL DEFAULT '',
  `table_name` varchar(64) COLLATE utf8_bin NOT NULL DEFAULT '',
  `pdf_page_number` int(11) NOT NULL DEFAULT 0,
  `x` float UNSIGNED NOT NULL DEFAULT 0,
  `y` float UNSIGNED NOT NULL DEFAULT 0
) ENGINE=InnoDB DEFAULT CHARSET=utf8 COLLATE=utf8_bin COMMENT='Table coordinates for phpMyAdmin PDF output';

-- --------------------------------------------------------

--
-- Table structure for table `pma__table_info`
--

CREATE TABLE `pma__table_info` (
  `db_name` varchar(64) COLLATE utf8_bin NOT NULL DEFAULT '',
  `table_name` varchar(64) COLLATE utf8_bin NOT NULL DEFAULT '',
  `display_field` varchar(64) COLLATE utf8_bin NOT NULL DEFAULT ''
) ENGINE=InnoDB DEFAULT CHARSET=utf8 COLLATE=utf8_bin COMMENT='Table information for phpMyAdmin';

-- --------------------------------------------------------

--
-- Table structure for table `pma__table_uiprefs`
--

CREATE TABLE `pma__table_uiprefs` (
  `username` varchar(64) COLLATE utf8_bin NOT NULL,
  `db_name` varchar(64) COLLATE utf8_bin NOT NULL,
  `table_name` varchar(64) COLLATE utf8_bin NOT NULL,
  `prefs` text COLLATE utf8_bin NOT NULL,
  `last_update` timestamp NOT NULL DEFAULT current_timestamp() ON UPDATE current_timestamp()
) ENGINE=InnoDB DEFAULT CHARSET=utf8 COLLATE=utf8_bin COMMENT='Tables'' UI preferences';

-- --------------------------------------------------------

--
-- Table structure for table `pma__tracking`
--

CREATE TABLE `pma__tracking` (
  `db_name` varchar(64) COLLATE utf8_bin NOT NULL,
  `table_name` varchar(64) COLLATE utf8_bin NOT NULL,
  `version` int(10) UNSIGNED NOT NULL,
  `date_created` datetime NOT NULL,
  `date_updated` datetime NOT NULL,
  `schema_snapshot` text COLLATE utf8_bin NOT NULL,
  `schema_sql` text COLLATE utf8_bin DEFAULT NULL,
  `data_sql` longtext COLLATE utf8_bin DEFAULT NULL,
  `tracking` set('UPDATE','REPLACE','INSERT','DELETE','TRUNCATE','CREATE DATABASE','ALTER DATABASE','DROP DATABASE','CREATE TABLE','ALTER TABLE','RENAME TABLE','DROP TABLE','CREATE INDEX','DROP INDEX','CREATE VIEW','ALTER VIEW','DROP VIEW') COLLATE utf8_bin DEFAULT NULL,
  `tracking_active` int(10) UNSIGNED NOT NULL DEFAULT 1
) ENGINE=InnoDB DEFAULT CHARSET=utf8 COLLATE=utf8_bin COMMENT='Database changes tracking for phpMyAdmin';

-- --------------------------------------------------------

--
-- Table structure for table `pma__userconfig`
--

CREATE TABLE `pma__userconfig` (
  `username` varchar(64) COLLATE utf8_bin NOT NULL,
  `timevalue` timestamp NOT NULL DEFAULT current_timestamp() ON UPDATE current_timestamp(),
  `config_data` text COLLATE utf8_bin NOT NULL
) ENGINE=InnoDB DEFAULT CHARSET=utf8 COLLATE=utf8_bin COMMENT='User preferences storage for phpMyAdmin';

--
-- Dumping data for table `pma__userconfig`
--

INSERT INTO `pma__userconfig` (`username`, `timevalue`, `config_data`) VALUES
('dev', '2021-04-08 18:40:41', '{\"Console\\/Mode\":\"collapse\"}');

-- --------------------------------------------------------

--
-- Table structure for table `pma__usergroups`
--

CREATE TABLE `pma__usergroups` (
  `usergroup` varchar(64) COLLATE utf8_bin NOT NULL,
  `tab` varchar(64) COLLATE utf8_bin NOT NULL,
  `allowed` enum('Y','N') COLLATE utf8_bin NOT NULL DEFAULT 'N'
) ENGINE=InnoDB DEFAULT CHARSET=utf8 COLLATE=utf8_bin COMMENT='User groups with configured menu items';

-- --------------------------------------------------------

--
-- Table structure for table `pma__users`
--

CREATE TABLE `pma__users` (
  `username` varchar(64) COLLATE utf8_bin NOT NULL,
  `usergroup` varchar(64) COLLATE utf8_bin NOT NULL
) ENGINE=InnoDB DEFAULT CHARSET=utf8 COLLATE=utf8_bin COMMENT='Users and their assignments to user groups';

-- --------------------------------------------------------

--
-- Table structure for table `setting`
--

CREATE TABLE `setting` (
  `id` varchar(36) NOT NULL,
  `createdDate` datetime(6) DEFAULT current_timestamp(6),
  `lastModifiedDate` datetime(6) DEFAULT current_timestamp(6),
  `jhi_key` varchar(255) DEFAULT NULL,
  `value` varchar(255) DEFAULT NULL,
  `createdById` varchar(36) DEFAULT NULL,
  `lastModifiedById` varchar(36) DEFAULT NULL
) ENGINE=InnoDB DEFAULT CHARSET=utf8mb4;

--
-- Dumping data for table `setting`
--

INSERT INTO `setting` (`id`, `createdDate`, `lastModifiedDate`, `jhi_key`, `value`, `createdById`, `lastModifiedById`) VALUES
('06da620b-5e74-4408-9bc5-96281f26feb6', '2021-04-18 14:39:30.275473', '2021-04-18 14:39:30.275473', 'points', '1', NULL, NULL);

--
-- Indexes for dumped tables
--

--
-- Indexes for table `attatchment`
--
ALTER TABLE `attatchment`
  ADD PRIMARY KEY (`id`),
  ADD KEY `FK_311573980059c73f75b8a865ff6` (`createdById`),
  ADD KEY `FK_271c62a57b37865cc1dd0ebcd7f` (`lastModifiedById`),
  ADD KEY `FK_0189e07e7845ba3fe2d7fed75b9` (`employeeId`);

--
-- Indexes for table `benefit`
--
ALTER TABLE `benefit`
  ADD PRIMARY KEY (`id`),
  ADD UNIQUE KEY `IDX_151a70bea7bcca034ad543f5aa` (`name_ar`),
  ADD UNIQUE KEY `IDX_396fcf68d3735292f408871304` (`name_en`),
  ADD KEY `FK_4aff03399e7a89857a2d7a2594f` (`createdById`),
  ADD KEY `FK_5650c2dd314754eabde073b6c28` (`lastModifiedById`),
  ADD KEY `FK_e0fa731314a47727e87b236f824` (`categoryId`),
  ADD KEY `FK_a5712dc427c1ff887d3a462d212` (`hospitalId`);

--
-- Indexes for table `benefit_request`
--
ALTER TABLE `benefit_request`
  ADD PRIMARY KEY (`id`),
  ADD KEY `FK_e6ecdbe581666a2a65f21446ec5` (`createdById`),
  ADD KEY `FK_87e29eaa97124af8eabe6cc53cf` (`lastModifiedById`),
  ADD KEY `FK_ffa8b0501eeb6d5401f0230de92` (`categoryId`),
  ADD KEY `FK_2f7c544a3d76eec7962f3c6bc22` (`hospitalId`),
  ADD KEY `FK_e0b23b68ff1f6a3206b1b74df6d` (`benefitId`);

--
-- Indexes for table `card`
--
ALTER TABLE `card`
  ADD PRIMARY KEY (`id`),
  ADD UNIQUE KEY `IDX_d03fb6b1b9c71c767b75f9d4e2` (`card_no`),
  ADD KEY `FK_68446cde471c6d6f41250320e89` (`createdById`),
  ADD KEY `FK_d812baf93cb63d7b42acd454565` (`lastModifiedById`),
  ADD KEY `FK_c76aab1e85192b7e7db29247548` (`employeeId`);

--
-- Indexes for table `card_transaction`
--
ALTER TABLE `card_transaction`
  ADD PRIMARY KEY (`id`),
  ADD KEY `FK_c72c95efa57a7cd386ed7a24463` (`createdById`),
  ADD KEY `FK_c609cebe7fc1121ed487fbce16a` (`lastModifiedById`),
  ADD KEY `FK_71f86de6d615f5290c840444aad` (`cardId`);

--
-- Indexes for table `category`
--
ALTER TABLE `category`
  ADD PRIMARY KEY (`id`),
  ADD KEY `FK_50c69cdc9b3e7494784a2fa2db4` (`createdById`),
  ADD KEY `FK_a159579fae7399db0055d0385ea` (`lastModifiedById`);

--
-- Indexes for table `company`
--
ALTER TABLE `company`
  ADD PRIMARY KEY (`id`),
  ADD UNIQUE KEY `IDX_7c3fbf01d411f70d88a5051b6f` (`name_ar`),
  ADD UNIQUE KEY `IDX_802e1b40d0d1da0baf9ea28d2f` (`name_en`),
  ADD UNIQUE KEY `IDX_b0fc567cf51b1cf717a9e8046a` (`email`),
  ADD UNIQUE KEY `IDX_e53ef0697f9d5d933fa075be1c` (`phone`),
  ADD KEY `FK_865ba8d77c1cb1478bf7e59c750` (`createdById`),
  ADD KEY `FK_c142ac5b83b0cd73158abac43dd` (`lastModifiedById`);

--
-- Indexes for table `company_user`
--
ALTER TABLE `company_user`
  ADD PRIMARY KEY (`company_id`,`user_id`),
  ADD KEY `IDX_10335130936e37b70e2e35f2f7` (`company_id`),
  ADD KEY `IDX_7368a8438ae617a2f8318f3a20` (`user_id`);

--
-- Indexes for table `employee`
--
ALTER TABLE `employee`
  ADD PRIMARY KEY (`id`),
  ADD UNIQUE KEY `IDX_e97a7f3c48c04b54ffc24e5fc7` (`name`),
  ADD UNIQUE KEY `IDX_81afb288b526f7e8fed0e4200c` (`phone`),
  ADD UNIQUE KEY `IDX_5695064f1e88de4e4966d143a0` (`identity_no`),
  ADD KEY `FK_7b0acac061179bb6e5c53b4005f` (`createdById`),
  ADD KEY `FK_3334bf9028c8d3a57fe5d07fb9a` (`lastModifiedById`),
  ADD KEY `FK_26c3d513e0832e5abbbdd3d2a88` (`companyId`);

--
-- Indexes for table `hospital`
--
ALTER TABLE `hospital`
  ADD PRIMARY KEY (`id`),
  ADD UNIQUE KEY `IDX_92617f2e83c7e21a207e7bac6d` (`name_ar`),
  ADD UNIQUE KEY `IDX_b436df87a59e70c9e30a4bc20e` (`name_en`),
  ADD UNIQUE KEY `IDX_4644586801989134e9a0939f63` (`email`),
  ADD UNIQUE KEY `IDX_fcf217f471a237d93d397a638d` (`phone`),
  ADD UNIQUE KEY `IDX_fc6a027a2597cf41ff0fce63c7` (`phoneSecond`),
  ADD UNIQUE KEY `IDX_f3b257ec69c5805506f2364837` (`phoneThird`),
  ADD KEY `FK_929ea79b83ff9082d006180c269` (`createdById`),
  ADD KEY `FK_3966059bd33abf2923268178a55` (`lastModifiedById`);

--
-- Indexes for table `hospital_user`
--
ALTER TABLE `hospital_user`
  ADD PRIMARY KEY (`hospital_id`,`user_id`),
  ADD KEY `IDX_88e68e18a57eb5158fceff4fb0` (`hospital_id`),
  ADD KEY `IDX_1ca0c449c427abeaefb5a81af6` (`user_id`);

--
-- Indexes for table `invoice`
--
ALTER TABLE `invoice`
  ADD PRIMARY KEY (`id`),
  ADD UNIQUE KEY `moamalatId` (`moamalatId`),
  ADD UNIQUE KEY `REL_d36664fd0ba7f0459d82e29184` (`cardTransactionId`),
  ADD KEY `FK_4bcf3dbe297a9bafbadec5a801e` (`createdById`),
  ADD KEY `FK_72def6bfcfa382c7ccd14d3a56a` (`lastModifiedById`),
  ADD KEY `FK_727b654fdf31ca995a738c83887` (`mainInvoiceId`),
  ADD KEY `FK_786aa0f3fd6c92055b365b22413` (`hospitalId`);

--
-- Indexes for table `invoice_benefits`
--
ALTER TABLE `invoice_benefits`
  ADD PRIMARY KEY (`id`),
  ADD KEY `FK_b5a4bc972a8408bf4ef4e912e04` (`createdById`),
  ADD KEY `FK_b11d1d4b7435abc9dea24aa2af9` (`lastModifiedById`),
  ADD KEY `FK_1374b32b486a2244f442eb9a825` (`benefitId`),
  ADD KEY `FK_f71b4da8ed507dfa3ec845f0982` (`invoiceId`);

--
-- Indexes for table `migrations`
--
ALTER TABLE `migrations`
  ADD PRIMARY KEY (`id`);

--
-- Indexes for table `nhi_authority`
--
ALTER TABLE `nhi_authority`
  ADD PRIMARY KEY (`name`);

--
-- Indexes for table `nhi_user`
--
ALTER TABLE `nhi_user`
  ADD PRIMARY KEY (`id`),
  ADD UNIQUE KEY `IDX_d8aceabd1bcefd45845b3f2da1` (`login`),
  ADD KEY `FK_f510f1001b3b8eb7090cd374c60` (`createdById`),
  ADD KEY `FK_e9ae9606e61a5e411f0103aa4b5` (`lastModifiedById`);

--
-- Indexes for table `nhi_user_authorities_nhi_authority`
--
ALTER TABLE `nhi_user_authorities_nhi_authority`
  ADD PRIMARY KEY (`nhiUserId`,`nhiAuthorityName`),
  ADD KEY `IDX_3b6eb9c8f909265a6a1deb485f` (`nhiUserId`),
  ADD KEY `IDX_aa3b9b8435514f4bf7ac28e136` (`nhiAuthorityName`);

--
-- Indexes for table `pma__bookmark`
--
ALTER TABLE `pma__bookmark`
  ADD PRIMARY KEY (`id`);

--
-- Indexes for table `pma__central_columns`
--
ALTER TABLE `pma__central_columns`
  ADD PRIMARY KEY (`db_name`,`col_name`);

--
-- Indexes for table `pma__column_info`
--
ALTER TABLE `pma__column_info`
  ADD PRIMARY KEY (`id`),
  ADD UNIQUE KEY `db_name` (`db_name`,`table_name`,`column_name`);

--
-- Indexes for table `pma__designer_settings`
--
ALTER TABLE `pma__designer_settings`
  ADD PRIMARY KEY (`username`);

--
-- Indexes for table `pma__export_templates`
--
ALTER TABLE `pma__export_templates`
  ADD PRIMARY KEY (`id`),
  ADD UNIQUE KEY `u_user_type_template` (`username`,`export_type`,`template_name`);

--
-- Indexes for table `pma__favorite`
--
ALTER TABLE `pma__favorite`
  ADD PRIMARY KEY (`username`);

--
-- Indexes for table `pma__history`
--
ALTER TABLE `pma__history`
  ADD PRIMARY KEY (`id`),
  ADD KEY `username` (`username`,`db`,`table`,`timevalue`);

--
-- Indexes for table `pma__navigationhiding`
--
ALTER TABLE `pma__navigationhiding`
  ADD PRIMARY KEY (`username`,`item_name`,`item_type`,`db_name`,`table_name`);

--
-- Indexes for table `pma__pdf_pages`
--
ALTER TABLE `pma__pdf_pages`
  ADD PRIMARY KEY (`page_nr`),
  ADD KEY `db_name` (`db_name`);

--
-- Indexes for table `pma__recent`
--
ALTER TABLE `pma__recent`
  ADD PRIMARY KEY (`username`);

--
-- Indexes for table `pma__relation`
--
ALTER TABLE `pma__relation`
  ADD PRIMARY KEY (`master_db`,`master_table`,`master_field`),
  ADD KEY `foreign_field` (`foreign_db`,`foreign_table`);

--
-- Indexes for table `pma__savedsearches`
--
ALTER TABLE `pma__savedsearches`
  ADD PRIMARY KEY (`id`),
  ADD UNIQUE KEY `u_savedsearches_username_dbname` (`username`,`db_name`,`search_name`);

--
-- Indexes for table `pma__table_coords`
--
ALTER TABLE `pma__table_coords`
  ADD PRIMARY KEY (`db_name`,`table_name`,`pdf_page_number`);

--
-- Indexes for table `pma__table_info`
--
ALTER TABLE `pma__table_info`
  ADD PRIMARY KEY (`db_name`,`table_name`);

--
-- Indexes for table `pma__table_uiprefs`
--
ALTER TABLE `pma__table_uiprefs`
  ADD PRIMARY KEY (`username`,`db_name`,`table_name`);

--
-- Indexes for table `pma__tracking`
--
ALTER TABLE `pma__tracking`
  ADD PRIMARY KEY (`db_name`,`table_name`,`version`);

--
-- Indexes for table `pma__userconfig`
--
ALTER TABLE `pma__userconfig`
  ADD PRIMARY KEY (`username`);

--
-- Indexes for table `pma__usergroups`
--
ALTER TABLE `pma__usergroups`
  ADD PRIMARY KEY (`usergroup`,`tab`,`allowed`);

--
-- Indexes for table `pma__users`
--
ALTER TABLE `pma__users`
  ADD PRIMARY KEY (`username`,`usergroup`);

--
-- Indexes for table `setting`
--
ALTER TABLE `setting`
  ADD PRIMARY KEY (`id`),
  ADD KEY `FK_e252256fb52d31b4e6be961c5fd` (`createdById`),
  ADD KEY `FK_6a059f1acdcffeee22ad8796829` (`lastModifiedById`);

--
-- AUTO_INCREMENT for dumped tables
--

--
-- AUTO_INCREMENT for table `migrations`
--
ALTER TABLE `migrations`
  MODIFY `id` int(11) NOT NULL AUTO_INCREMENT, AUTO_INCREMENT=3;

--
-- AUTO_INCREMENT for table `pma__bookmark`
--
ALTER TABLE `pma__bookmark`
  MODIFY `id` int(10) UNSIGNED NOT NULL AUTO_INCREMENT;

--
-- AUTO_INCREMENT for table `pma__column_info`
--
ALTER TABLE `pma__column_info`
  MODIFY `id` int(10) UNSIGNED NOT NULL AUTO_INCREMENT;

--
-- AUTO_INCREMENT for table `pma__export_templates`
--
ALTER TABLE `pma__export_templates`
  MODIFY `id` int(10) UNSIGNED NOT NULL AUTO_INCREMENT;

--
-- AUTO_INCREMENT for table `pma__history`
--
ALTER TABLE `pma__history`
  MODIFY `id` bigint(20) UNSIGNED NOT NULL AUTO_INCREMENT;

--
-- AUTO_INCREMENT for table `pma__pdf_pages`
--
ALTER TABLE `pma__pdf_pages`
  MODIFY `page_nr` int(10) UNSIGNED NOT NULL AUTO_INCREMENT;

--
-- AUTO_INCREMENT for table `pma__savedsearches`
--
ALTER TABLE `pma__savedsearches`
  MODIFY `id` int(10) UNSIGNED NOT NULL AUTO_INCREMENT;

--
-- Constraints for dumped tables
--

--
-- Constraints for table `attatchment`
--
ALTER TABLE `attatchment`
  ADD CONSTRAINT `FK_0189e07e7845ba3fe2d7fed75b9` FOREIGN KEY (`employeeId`) REFERENCES `employee` (`id`),
  ADD CONSTRAINT `FK_271c62a57b37865cc1dd0ebcd7f` FOREIGN KEY (`lastModifiedById`) REFERENCES `nhi_user` (`id`),
  ADD CONSTRAINT `FK_311573980059c73f75b8a865ff6` FOREIGN KEY (`createdById`) REFERENCES `nhi_user` (`id`);

--
-- Constraints for table `benefit`
--
ALTER TABLE `benefit`
  ADD CONSTRAINT `FK_4aff03399e7a89857a2d7a2594f` FOREIGN KEY (`createdById`) REFERENCES `nhi_user` (`id`),
  ADD CONSTRAINT `FK_5650c2dd314754eabde073b6c28` FOREIGN KEY (`lastModifiedById`) REFERENCES `nhi_user` (`id`),
  ADD CONSTRAINT `FK_a5712dc427c1ff887d3a462d212` FOREIGN KEY (`hospitalId`) REFERENCES `hospital` (`id`),
  ADD CONSTRAINT `FK_e0fa731314a47727e87b236f824` FOREIGN KEY (`categoryId`) REFERENCES `category` (`id`);

--
-- Constraints for table `benefit_request`
--
ALTER TABLE `benefit_request`
  ADD CONSTRAINT `FK_2f7c544a3d76eec7962f3c6bc22` FOREIGN KEY (`hospitalId`) REFERENCES `hospital` (`id`),
  ADD CONSTRAINT `FK_87e29eaa97124af8eabe6cc53cf` FOREIGN KEY (`lastModifiedById`) REFERENCES `nhi_user` (`id`),
  ADD CONSTRAINT `FK_e0b23b68ff1f6a3206b1b74df6d` FOREIGN KEY (`benefitId`) REFERENCES `benefit` (`id`),
  ADD CONSTRAINT `FK_e6ecdbe581666a2a65f21446ec5` FOREIGN KEY (`createdById`) REFERENCES `nhi_user` (`id`),
  ADD CONSTRAINT `FK_ffa8b0501eeb6d5401f0230de92` FOREIGN KEY (`categoryId`) REFERENCES `category` (`id`);

--
-- Constraints for table `card`
--
ALTER TABLE `card`
  ADD CONSTRAINT `FK_68446cde471c6d6f41250320e89` FOREIGN KEY (`createdById`) REFERENCES `nhi_user` (`id`),
  ADD CONSTRAINT `FK_c76aab1e85192b7e7db29247548` FOREIGN KEY (`employeeId`) REFERENCES `employee` (`id`),
  ADD CONSTRAINT `FK_d812baf93cb63d7b42acd454565` FOREIGN KEY (`lastModifiedById`) REFERENCES `nhi_user` (`id`);

--
-- Constraints for table `card_transaction`
--
ALTER TABLE `card_transaction`
  ADD CONSTRAINT `FK_71f86de6d615f5290c840444aad` FOREIGN KEY (`cardId`) REFERENCES `card` (`id`),
  ADD CONSTRAINT `FK_c609cebe7fc1121ed487fbce16a` FOREIGN KEY (`lastModifiedById`) REFERENCES `nhi_user` (`id`),
  ADD CONSTRAINT `FK_c72c95efa57a7cd386ed7a24463` FOREIGN KEY (`createdById`) REFERENCES `nhi_user` (`id`);

--
-- Constraints for table `category`
--
ALTER TABLE `category`
  ADD CONSTRAINT `FK_50c69cdc9b3e7494784a2fa2db4` FOREIGN KEY (`createdById`) REFERENCES `nhi_user` (`id`),
  ADD CONSTRAINT `FK_a159579fae7399db0055d0385ea` FOREIGN KEY (`lastModifiedById`) REFERENCES `nhi_user` (`id`);

--
-- Constraints for table `company`
--
ALTER TABLE `company`
  ADD CONSTRAINT `FK_865ba8d77c1cb1478bf7e59c750` FOREIGN KEY (`createdById`) REFERENCES `nhi_user` (`id`),
  ADD CONSTRAINT `FK_c142ac5b83b0cd73158abac43dd` FOREIGN KEY (`lastModifiedById`) REFERENCES `nhi_user` (`id`);

--
-- Constraints for table `company_user`
--
ALTER TABLE `company_user`
  ADD CONSTRAINT `FK_10335130936e37b70e2e35f2f74` FOREIGN KEY (`company_id`) REFERENCES `company` (`id`) ON DELETE CASCADE,
  ADD CONSTRAINT `FK_7368a8438ae617a2f8318f3a202` FOREIGN KEY (`user_id`) REFERENCES `nhi_user` (`id`) ON DELETE CASCADE;

--
-- Constraints for table `employee`
--
ALTER TABLE `employee`
  ADD CONSTRAINT `FK_26c3d513e0832e5abbbdd3d2a88` FOREIGN KEY (`companyId`) REFERENCES `company` (`id`),
  ADD CONSTRAINT `FK_3334bf9028c8d3a57fe5d07fb9a` FOREIGN KEY (`lastModifiedById`) REFERENCES `nhi_user` (`id`),
  ADD CONSTRAINT `FK_7b0acac061179bb6e5c53b4005f` FOREIGN KEY (`createdById`) REFERENCES `nhi_user` (`id`);

--
-- Constraints for table `hospital`
--
ALTER TABLE `hospital`
  ADD CONSTRAINT `FK_3966059bd33abf2923268178a55` FOREIGN KEY (`lastModifiedById`) REFERENCES `nhi_user` (`id`),
  ADD CONSTRAINT `FK_929ea79b83ff9082d006180c269` FOREIGN KEY (`createdById`) REFERENCES `nhi_user` (`id`);

--
-- Constraints for table `hospital_user`
--
ALTER TABLE `hospital_user`
  ADD CONSTRAINT `FK_1ca0c449c427abeaefb5a81af61` FOREIGN KEY (`user_id`) REFERENCES `nhi_user` (`id`) ON DELETE CASCADE,
  ADD CONSTRAINT `FK_88e68e18a57eb5158fceff4fb09` FOREIGN KEY (`hospital_id`) REFERENCES `hospital` (`id`) ON DELETE CASCADE;

--
-- Constraints for table `invoice`
--
ALTER TABLE `invoice`
  ADD CONSTRAINT `FK_4bcf3dbe297a9bafbadec5a801e` FOREIGN KEY (`createdById`) REFERENCES `nhi_user` (`id`),
  ADD CONSTRAINT `FK_727b654fdf31ca995a738c83887` FOREIGN KEY (`mainInvoiceId`) REFERENCES `invoice` (`id`),
  ADD CONSTRAINT `FK_72def6bfcfa382c7ccd14d3a56a` FOREIGN KEY (`lastModifiedById`) REFERENCES `nhi_user` (`id`),
  ADD CONSTRAINT `FK_786aa0f3fd6c92055b365b22413` FOREIGN KEY (`hospitalId`) REFERENCES `hospital` (`id`),
  ADD CONSTRAINT `FK_d36664fd0ba7f0459d82e291848` FOREIGN KEY (`cardTransactionId`) REFERENCES `card_transaction` (`id`);

--
-- Constraints for table `invoice_benefits`
--
ALTER TABLE `invoice_benefits`
  ADD CONSTRAINT `FK_1374b32b486a2244f442eb9a825` FOREIGN KEY (`benefitId`) REFERENCES `benefit` (`id`),
  ADD CONSTRAINT `FK_b11d1d4b7435abc9dea24aa2af9` FOREIGN KEY (`lastModifiedById`) REFERENCES `nhi_user` (`id`),
  ADD CONSTRAINT `FK_b5a4bc972a8408bf4ef4e912e04` FOREIGN KEY (`createdById`) REFERENCES `nhi_user` (`id`),
  ADD CONSTRAINT `FK_f71b4da8ed507dfa3ec845f0982` FOREIGN KEY (`invoiceId`) REFERENCES `invoice` (`id`);

--
-- Constraints for table `nhi_user`
--
ALTER TABLE `nhi_user`
  ADD CONSTRAINT `FK_e9ae9606e61a5e411f0103aa4b5` FOREIGN KEY (`lastModifiedById`) REFERENCES `nhi_user` (`id`),
  ADD CONSTRAINT `FK_f510f1001b3b8eb7090cd374c60` FOREIGN KEY (`createdById`) REFERENCES `nhi_user` (`id`);

--
-- Constraints for table `nhi_user_authorities_nhi_authority`
--
ALTER TABLE `nhi_user_authorities_nhi_authority`
  ADD CONSTRAINT `FK_3b6eb9c8f909265a6a1deb485f9` FOREIGN KEY (`nhiUserId`) REFERENCES `nhi_user` (`id`) ON DELETE CASCADE,
  ADD CONSTRAINT `FK_aa3b9b8435514f4bf7ac28e136d` FOREIGN KEY (`nhiAuthorityName`) REFERENCES `nhi_authority` (`name`) ON DELETE CASCADE;

--
-- Constraints for table `setting`
--
ALTER TABLE `setting`
  ADD CONSTRAINT `FK_6a059f1acdcffeee22ad8796829` FOREIGN KEY (`lastModifiedById`) REFERENCES `nhi_user` (`id`),
  ADD CONSTRAINT `FK_e252256fb52d31b4e6be961c5fd` FOREIGN KEY (`createdById`) REFERENCES `nhi_user` (`id`);
COMMIT;

/*!40101 SET CHARACTER_SET_CLIENT=@OLD_CHARACTER_SET_CLIENT */;
/*!40101 SET CHARACTER_SET_RESULTS=@OLD_CHARACTER_SET_RESULTS */;
/*!40101 SET COLLATION_CONNECTION=@OLD_COLLATION_CONNECTION */;
