-- MySQL dump 10.13  Distrib 8.0.23, for Linux (x86_64)
--
-- Host: localhost    Database: alwasata_sahati
-- ------------------------------------------------------
-- Server version	8.0.23-0ubuntu0.20.04.1

/*!40101 SET @OLD_CHARACTER_SET_CLIENT=@@CHARACTER_SET_CLIENT */;
/*!40101 SET @OLD_CHARACTER_SET_RESULTS=@@CHARACTER_SET_RESULTS */;
/*!40101 SET @OLD_COLLATION_CONNECTION=@@COLLATION_CONNECTION */;
/*!50503 SET NAMES utf8mb4 */;
/*!40103 SET @OLD_TIME_ZONE=@@TIME_ZONE */;
/*!40103 SET TIME_ZONE='+00:00' */;
/*!40014 SET @OLD_UNIQUE_CHECKS=@@UNIQUE_CHECKS, UNIQUE_CHECKS=0 */;
/*!40014 SET @OLD_FOREIGN_KEY_CHECKS=@@FOREIGN_KEY_CHECKS, FOREIGN_KEY_CHECKS=0 */;
/*!40101 SET @OLD_SQL_MODE=@@SQL_MODE, SQL_MODE='NO_AUTO_VALUE_ON_ZERO' */;
/*!40111 SET @OLD_SQL_NOTES=@@SQL_NOTES, SQL_NOTES=0 */;

--
-- Table structure for table `attatchment`
--

DROP TABLE IF EXISTS `attatchment`;
/*!40101 SET @saved_cs_client     = @@character_set_client */;
/*!50503 SET character_set_client = utf8mb4 */;
CREATE TABLE `attatchment` (
  `id` varchar(36) COLLATE utf8mb4_general_ci NOT NULL,
  `createdDate` datetime(6) DEFAULT CURRENT_TIMESTAMP(6),
  `lastModifiedDate` datetime(6) DEFAULT CURRENT_TIMESTAMP(6),
  `name` varchar(255) COLLATE utf8mb4_general_ci DEFAULT NULL,
  `file` blob,
  `file_content_type` varchar(255) COLLATE utf8mb4_general_ci DEFAULT NULL,
  `file_url` varchar(255) COLLATE utf8mb4_general_ci DEFAULT NULL,
  `createdById` varchar(36) COLLATE utf8mb4_general_ci DEFAULT NULL,
  `lastModifiedById` varchar(36) COLLATE utf8mb4_general_ci DEFAULT NULL,
  `employeeId` varchar(36) COLLATE utf8mb4_general_ci DEFAULT NULL,
  PRIMARY KEY (`id`),
  KEY `FK_311573980059c73f75b8a865ff6` (`createdById`),
  KEY `FK_271c62a57b37865cc1dd0ebcd7f` (`lastModifiedById`),
  KEY `FK_0189e07e7845ba3fe2d7fed75b9` (`employeeId`),
  CONSTRAINT `FK_0189e07e7845ba3fe2d7fed75b9` FOREIGN KEY (`employeeId`) REFERENCES `employee` (`id`),
  CONSTRAINT `FK_271c62a57b37865cc1dd0ebcd7f` FOREIGN KEY (`lastModifiedById`) REFERENCES `nhi_user` (`id`),
  CONSTRAINT `FK_311573980059c73f75b8a865ff6` FOREIGN KEY (`createdById`) REFERENCES `nhi_user` (`id`)
) ENGINE=InnoDB DEFAULT CHARSET=utf8mb4 COLLATE=utf8mb4_general_ci;
/*!40101 SET character_set_client = @saved_cs_client */;

--
-- Dumping data for table `attatchment`
--

LOCK TABLES `attatchment` WRITE;
/*!40000 ALTER TABLE `attatchment` DISABLE KEYS */;
INSERT INTO `attatchment` VALUES ('1d609a77-5e42-4d7c-8067-ca19b93cf5c6','2021-04-20 23:47:49.376270','2021-04-20 23:47:49.376270',NULL,_binary 'iVBORw0KGgoAAAANSUhEUgAAA3QAAAGACAMAAADS0tCvAAAAAXNSR0IArs4c6QAAAARnQU1BAACxjwv8YQUAAAAzUExURQAAABQZHRMZHRQZHw8XHxcXHx8fHxUaGhMZHxMYHhQYHhMZHBMZHhMYHxQZHhUXHwAAAEcmmegAAAARdFJOU/////////////////////8AJa2ZYgAAAAlwSFlzAAA7DgAAOw4BzLahgwAAf/FJREFUeF7tndti67iubM9Dz8563P//tadGVVF2wkhW4kvb00IkXkAABCEQkGQn+X//d8DbwccB/ykcm+4N4eOfA/5LODbdG0Kv/QH/ERyb7g1Bme7P8fOf/Ryb7h3h48wDjp+H/lAcz3TvCNp0//v3nz86qI7zgef/2HXHpntD+NAtjq79P//8e5wPPf8nODLde4Ke6eQCeAFx19vvOO9++s5CcDzTvSXwTOfjzz//Enr/1eHiqO9Ya+sdme59wZnOcVeOgDM4GHcnHvWd6iPTvTU40xF3HYTVSb7TBjzq+9Q6MPmR6d4XlreXbL7c+HDiFkd9lzpNJTr1j7eXbwkf+AJ+4MBL037h54+jvm2tytkOlCrOI9O9I/DdS7mBc13jL00A9FHfsh6FSm9FwbHp3hA+nNqWUz6R5r9/Uv856hvVlE53Qamp48h07wh+e6ncRpZz/HWTePy/JD/ddR71LWqVNa9vJ2RhEMeme0PgGylxADlFC/o8e7jlzxLAHP1r+sGAM1YHqe7IdG8JI9PFKbj3URhWQ64ibIbGc97R/3WfljAyL30hxtY8Nt0bQj+nkyfwpGHvAPKZUvwiGD+VHH2dv+incm4Lwu3jc7o3hdM3UvTwEe9IMB41yFKotsMc/Z/13aPGvGq7TvvIdO8IyXRxAPkKGU4dOQwI1dp9ahjVOyIi+NH/Sd9PdLwO9rdSaNu8GPjIdO8IeabjqUPOIMATEqZPNR6iqA2VUf/zUwunj6N/qe9vn/gxTrVwMbPq4+3lW4IzHS6ghzonufGirRlPHkSnOAGoug9IyqO/1ReofWbf9o05Mt07gjMd8ThOotLRub5BWpMHqbKfELkdxP2I4rwXBvLh0f++D8rt2FcItaiNOTbdG4IzHS4ihyCrqU1PLXxCW87xGb/5052WYnxjxSc7kyh+9Oe+K4raF+vZiG4dme4dYfktA/whYTkltz8Gu4cwavbTu7iSn1zUSeoLzdH/ti/LOZapl5j2B3Dr2HRvCP4tA0COghN0Rym5sckSnXsnREn8dssOBVCGNMxHf+4rfKn2CGXerfgd5pHp3hH0TGd/cFobmUuH0YvThIaayqO0Ha0V0GFWj0aro3/er+mCUCvjNuSx6d4QeKY730stFaiFdVymbRI/6OEy/HAH9e8SvxvZNehHmaP/ua9qtNKgpDgy3VtCPqfDH3T6l04Sqe0f6eEc0KgWwn3fIIXHY/YysOma4ugvfeyYVhqpHO2OTfeG4LeX2kD+kgQ7CW9xoBY+G254TCN4+iURm30nT4BqiQwS2kefvkrbahjU7WQ7NY9M947Qb6TIT+QKPhWnk+lwHrkO3RNeTRq0GTaLOq1VaIhBuZTOo2/r2JwacgmNO0Ifn9O9JSTTNUKzd3SmckxetmPidj1Gh3wKppKHRGeKU/fd+7bp6a5A1bCySHQcme4dIZ/T4RxEZhyFyKwa10hPbcdsBW8jHMFJeiU6kaSIW6WL8HfuL+ViUN8suOfj2HRvCB/spBF3dZK66IwXl/ISt+ojaoILDV338DBBRng+ZNe6a/wb970BO8CYBqjouXlkuneEZrp6CLC0FKIdp9VpDBdhEyI4H+qEOOMhT4PyVLxnPw/B7EEOkG3aSIJj070hONM5aRF4KYjAhGr7BM6RprujneFEdNOekWdvpsPu7NA79oWh7Te7MostPazFwPH28j2BTCffAFzVT+wSTV7cf+JQitNulwbyEdEBk+edZtKhuT0oonfs++lN7Tz/Bl8CThv+2HRvCMp0I1U1Htsf5Bt0ALB8fuf9dorSYRJQhL0E4h7OBSK9t+urRa3qZOH2h6l1HJnuHYFM5zhcJ1GDj5jiHA3TNHTSDjpZTdDYLqzZg83u009jP62kyvfpq6JF/9yG7qtmkP6R6d4SnOmSzPCbZK+E4XRGkPbAQGdfGWXfiY/5ZGOOZz6Gkcy2fqu+KpnF5knzZELIaNiOR6Z7S0imw0sck1N7S8VZ3In7qO2Wjjyt6GDcUZ5DBaE8dXBFFvs2/aQ4GckNDg9nBHCP6th0bwhLprMbpB65yslvPH4MfzIWz6kzsWMTtUMvjPHJeDDExd6tb+uo4YMhnTYhO3N5h3lkuneE80wXLyFEx2VoqqoXiQpcRnAf3AliBo0KvWP5EOYxOswSonfoYwY3kuzaWSjbA3tsujeEz5muya1B2SjKhmZ3FKdNEA/yXjR5evEkaDouRncWsnfoG6NOGpjPxkmvhDbNkeneEk6Zzm/g5ByNzA7K4/AAjWwkxu1BjJY7vYzKr+J5nIsMi3mHflBnrcU4pVS/xj4y3TtC/gSfQ7Q2jyMwGOEM6Sc0p+16hHX12LJuldejiAo6gsoNi6n+4v7SYVsl9CzG6QhPfjXNkeneEfgbKTiCTu+PBmm5TFpLaHagHr9dl+cSY+mqhQzTetCf81lOUDmEq6C/uK/Vp0NdtAYGhlplaY9M95bwoeC8pCTicb1BXVwlDuNk5vqfsh2wAuyqmI6axp/lyzsZoeVXneCPTPekwMUz6HIVdTsg0w3/kHy1clA4OJPXjHKSOzbdBWCX2XKq+w0VHbasC4xorMxNKDs23XMC1yfwz5+ibgcfCcLsuLy69NHQbDcJhoNe2Q5YAW8orJXd5mYt2we7YDt+ZLonhY/F7f/cJ9M5i+ELbiSvucMziOog1JcOZTtgBWQwZzhfsdwd0IhZNWQjxpQ+jk33nKBrw8Xiet0j0+Xi4xEugaLqJguC7Ve2A1ZAduIlE/cNznYxW42oVrBL68h0TwpcrvFT1O2gfw3MkVhHaj914ChniP6mXNkOWAHMJaNhPcrTt3hkP289sG7QOjLdswIvGPtzp0wXJ7ErUAw/SYB201Q8VZbtgBXAdthq2IySTUZ75D5/gimEmkeme1Kw3xvulek4k92S0fzOxhMGVSfio4OyHbACtpmN1yyH5XyjIBym7Yd1nFAem+45QZeQ7/j/y3Ur6nZwekuDn/jwL7H2CyXGdwcaUbYDVsCm0kYb1ov9HK9AGQuiYe3IdE8K3hc8USk2FnU7cKYjEHMShXEVP77ZO/wxHef4S1ZlO2AFZC02U8y3WDaVtxkdujb28TndswJXL4HzLh+O2xPiEZ6CUn5BN5Ny+mtfeEvZDlgBdpMzWreYrZcqX0NJX6UbR6Z7UljedSgyFnU7kHD5gifwwxzN5RgVkfl4e7kLfB8Zk+moZblL4Ap6n/WBWYUaR6Z7UtD14Wr5QhV1O/B/Yh3fmOBwelNmdcBObB5jx9vLy1CjeV/x6wSYkaavns4/MmwNTXFkuicFvjTSB4F7bDp7Q6IxbtHSLpHTo0YriJftgBWIuTh9vdyxcXsFkwhPhj423XOCLk58X0GzqNvBB4E44mksgdou4cN3QdD4L4CU7YAViPGwn6+XLDvsaAwIjDwsfWS6JwWe6frnle/09nJJpHYOtiC94PgAgRagwbIdsAIxoAyH7chptp0PUNl9nCE8Mt2Tgm/rdJV4PCjqduC3NDn8FIcj+Ckk24xSHZeO0GU7YAVsxdgs9oztdICSeUEulj4y3bMC7zr8aY+uVVG3g8+f09lD8gGSkuvwEz/+0xaybAesgKw1zKnWuEXxDssGdJXm8fbyeQHf91VSUdTtoJ/T5eGeXNborAJPUZdRIMG5bAesgOyVy+WGclpsKQDR5+OMEciOTPekkDvAZJ+ibgd8TueoTIUvUDCXW+1402Vflu2AFWiC00azPVVz2WrfPB+D8xgmPTbdcwJXKRfwXp/TscHqIp0rmU1xmY6xyYHH7eUFsCkxngAL2qCf0p3OlMfbyycGPkpL9rnP20v2Em6RW5/O5cyGp/RmqMe/ZTtgBbK5nMvG22BKDGlUTOtxm/fYdM8JunDsB78NK+p24M/p+veqiMmJziPT4TTFNn6X7YAVYIf5ajlE2W4U7jaItfR5ZLonBe4AGxvv9PYy7y2HW4BQlRZl2sYfm+4CYLp+sBmjCbzPsLKafqhLF3Meme5JIZeNLXGvz+mS1+QLvcMchwrKtOmsv7385+O9frrsCdhSWMolSa7JbunbliU6numeFnjB6Nj5516f0+UJDjegze4bLc8cjDoiKNsEfvB8I+iyJ5AZZSgf2CvHYtc0Mwrq+H26ZwVdtlwvlUXdDpzpcAFH5ExSV/GkKvAaew5EZZuAZ8M3gvVNZ6vVZmrn2ye1JkaOJYeBj0z3pJC3l74puVOmq494FqIwQThekaLBmU7ZJpAceN/lWL0QGnTwsgmhpZNGTwzpUQs6Nt1zggMk30/fSDS/hnzyPh7pdJc5fKQfNnVHugBRtglEYCk+//rGRqaztShNncyWDKeOUSFJ+8h0TwpLElFR1O3Amc6OYO9gjnx3go4isrYSj3Zg1Nq4vWSYd6Dh/OsbXfYETWS1XehdjU4Nmvbx9vJZgSukC6TQeK9MF/n2AkdkQTZhp3Yz7zjLNoH/o6sDOtR/fWPVDsNaFBg15KrOOh5K58h0Twq5A8xFLOp2QIbyk5w9xaXapLUE63qIAzjbqmwTnGU6KP/2xnqmExGEzma5aNx2n3VOZsa2x6Z7TvDDFJda16mo20H+53ieMOQqnggn0Wy4Br6SmkPIsk1wlumi71/d2Np0XKeYb5Cr44MOOOytCpIj0z0p+DvJAj1s3SfTLf831X7ATKfQ3ic6t6Eq2wRLpktK/Nsb628vbUoXspzAnd6s24qq6JTu2HTPCVwfx0xdpKJuB/lrYBR2hWS8PD/WMQxqOZNtZzqYRfzXN3R22RNoTDsMQoGoMZyZsGpHbOSQHJnuSUFJhCvti1jU7YAPAbn6msIx2U6VirAsTDIepwL95jOdeExvyqaGv7DhRXbZE2hcVAKT25B+jFPLtuFIoQFVx6Z7TvAVS/q5y6bDE5iClr3BMXnxEc+uE0/aentpVkjwOokIy9/VUK1D1Xqm6z/lOZHnMQ6UkLarrYtZj0z3tNBnOl+vom4HylBI1hRxg9Nt5Xj68Hjj/PpD5ciYUtWkFfG3NbTCLLLLnsDpi901yKnD4lJd106Fah6b7jmBq+W/DKTLVNTt4GN5yYZn9QWmnSwtZk0ClOupV7YJ2LyiE59ZTauWRP09DZde5LodsJQ4dNSgqlOJC+zJSgwcme5Jwc90uuBcqaJuB7m9pEhg9jz0hGXAg5rZ43Kjsk3ApgPYoKI0dx8JjfsbGhxepXJXlz2BTSXCOdPx4y3cHnTH28tnBV0gXZ3Ey6JuB8p0Ek7sxVfUalwWeESHv1Wf8c23lzCG0woPDjftba/e0KHdEht12RN07bB9yXSGmJce5/Hdy6cFJaPxZvAeHxl4YwxH0UnXkVhzpnSKC8nq/zLg7aUZCfGu6cpdI4QnGOqG+Jds5BLURl32BDVeWM4t0b/RzZi2oSmAY9M9J+jScIH0YHGnTOfonSDMTA7swynkJryPc9QGVbYJkunsZmGla8xAnKrXa3hVai9mWN90SfaxYcxppjwdmDVWUUekR6Z7UvDjUq7h/TIdkAae4hvK8eer6GvXMXYh08UjYYUF+jTPEKo9zWs1WJXbLtgtXfYEWiaMsldJCVisHKRQGmT7qYnA45nuWYHriDez74q6HSzPdBavAE3l1ynLX2sUBscRic6yTTAynXmokxTcDKKJL9O8VkOl2w5FWUeXPYE2mRnNJXrV4zE5gnIPoEpwPNM9LfANK18jxcaibgdnz3QOvi7wHPyLEaMct01StgnyTCcvw62GDAtZEO5Gvpp9zHuFhoOG2oo8jR/rtxwhHFwxgXlSVyIljeOZ7lmBazZSUVG3g1Omi18AqvOAp2ZwNONvZZsAOeg5NKWLiDwGFUFbdYdogn3uhk+X/a16NaV+lz0B1JCFy1bM6lMbb0umc2S6JwXeXvpQdCzqdnDKdCOyqwsGv+DFJTHZwyEq2wT+2gw0LivDfRoqTh/aJcRnPo+ezfl8DdaP9jqFcZORLnuCrG4w9hbFAgWMRU7Hj0z3rMAVynW7x9tLrnyfPZjAvpEEV+egcKB22C7bBNq844Ul+QwZbnX4ZcFLiRm8frqkrA5PYAo4wog92h3c/gGF1CPTPSkk0+V6FXU7cKaLNyT3KACrm0DsWOzCAFnZJtDmTVwPh0jhusND6IOBRQ8zaNfFOup3eAKNhWM8/4n1f+qQ1ct9MrDg2HTPCbpujq5bLw9/Dc508oHMkK1C4VoljjaG6ZdtguX36ZznoJRvqdXhlwUvRQdG8AFi40KYBAsMUmzinmtQKaiOZ7qnhbwY5CrdK9PFASic61IQkP0ezuM6VG+/vbRnhcwaq/v6t5fDDLGBlyZY33QYINQxIUfNYu4cTn1s3mPTPSfo/mSEy3u8SJFDKCd5igZjCjco42x2HyjLNsHZ79MBlXaHvy/xYPBqWJovQYywdcsxHuhECVeMVrOEOzgGdR6Z7kmhLwZ1pe5ze/nJIQjDbv7xR8HCawQPITpv7HpepIQ+sXxI6fDLAptI69CanLttBLodngBzevUs3jmtZgSrKvbB5DmOTfecwLXWxdoMsL+GfL4Wh2gjOco3UX6QswfJdTxWtgnImGIvfaXp6PDLAn9a23nqdCvgDdXhCfxFBjaVjME2tRFOZoxxjDXNkemeFLQvdJG4Wnfw4bwaTWDGHYjD1PaL9v0Agi9p55VtgvGK1fsWGRXY4ZcF1sR6MIPbXuHW7SWpEMsJnN0+mUWDcBtpor9i0/3z8dGjiNeHXiLC7T02nbZ0A7PK+IM63TVyDPfb3nyRggR0DGdkvv7t5bBJH6xH0urwBFjJDCJ085NZMOR4PDTVX5DpeLA4h9V/3fdSwDMdV20rwP4akqHiDJQ6R0eh3UPqK2SDVbdsE+RFihxzCedJDB1+Wah1WI9vHG0L3T52eAItORbzEbPBbSY1aRiX5qtnuqzkDFjjy190gRfC9xr0U9TtIM9iiM4ENpvfoeg4fehmIBeWbQLinSM4Lgb0GajDLwtsGBtAe87L6wo7PAEPv6Go8WwFYAiwuOTBl397iffwxm0Bx+m/IdtpZVwgX7Sibgcj0+X3wxOSaeM1mjQI8HamzdtL5QKR4FPmcW/1O4qvAlpNEncM4h2DwTo8AaSNXtCH5VyATWsxIF8602mJXtAJtCY5KWt/8m23PIR+rCjKtdJCHDmLuh3otjARWRBvAKiG6xjvr9hTl22C0zdSEsPdFnuHXxZqgxhEBykKe3V4Ag35txFkLdMP86ZDXx0N9s3wK2e6fwi0XupyeKWs8Ml33flzaFFfgGTkhWhRRd0OmN5h2FM0JDu1aQ+l4+ltTv2UbQJdgIQ6SbDEtjv8snBukIQdL2t1XbEj1ooVUgnng/5pG6v/wpmOJXg5PTgbcXNb9MTXHu0GFPUFfMGymtuvg7tywIar6TJfJqSiwcdV6FC2CZZMhxT9/C2ZbjFIzTGW2OEJbDqbSnwYMf5H0/YVmtxnW6r/upkOxyGK+OMkB2sHJi2KEBMvKOnzAVoG1vJYklFWU9TtgAzlbeVjMVyePNRhYjeqRNkmOM90Q5oYX3/TYRKvRGf9CRN1eAIPZvExJRWtYRagLc5X3XRRnyjisqshltQHfFdd4qcDdOY66ljZdBn0ou6x6Sy3KtSOmSwoaacSM7pTtgnOMt2JVf0OvyzEEl6X/CiGYJ0dnmDkQlttsYel2CbIiXH887KZLovxuhJV0pCFvED31Cz1s4FTBNpLyaK+gCi8KMqibgek0UbixuWYTDgw1sxBK7hVBU6ZrtLM/fq/xFpLsC57FS3qDk/Aqk3hJ+I0JaFmgV17zfcROV50030kZng1KlX7GwBEGRYpbHpP+jpFCvqaonhRX8DL8pW/Q+TQZol4in51ItHYLQr+7uWCK9sE2rwaL1W4vQk7/LIQi3CRHHrwKmM6PIE2VEigopnWMHIMhH1C8qKZjnd7DioOrjQAai8zcSpLL8dzwUg1609spzvAu2w6jBQV2CdxjwVBFQJONco2gTZv2HyY21ehwy8LvCTQYrgCbtQMG/+fzherzijqmMHFsI5FgFTrNTedVpjtJdBqfC9EJwEHTFf5pKlOyvUyrUUFr0DAyoq6HfBbBpo7KmAzstqZCZk7LaZfV2D5a2DhjlRBh18WtBDWwhVwZVOp2eEJPOrlmzMmcaF+ehJhWRj0NTMdt0f/c1ZrTB7LW55QhOFmmnWW56nAKUIqSu2VtCCKfF9EkbGo20FuC20962HrUdtsrmzCILc+MoBn4YbJIjr8spBVayXOVbaDot/6uhiGxmwxCGYAHetgIJUR9qKZTgvAHZeYfJbPPmIinbaAQlUHngqsnpQkQRT1BXL1ssqibge5LUwYjwkTiEHUqqYYyLJNwF1+GESYEGe1O/yy4OWzmixfZ14sdXgCtmTMJmpVxKxw0RwGsmnAvGSmc6IDtArW9/kW0jnC8dorfMpUd5bpVtTzU2seDO6U6eRH0UANWSmoRGIbUKNGqlu2CbQMqDD0wq3q5Tddv+g0zGBnwt06PEFGQ19zqD0sQ0OgdsZf8+2l1MYoIyYXewLh5KoZ1lKvfqz752P5KWYDTrQb83KVuCAbmU6ae3UqirodeM8b7Bp5FP6MogDrVtkm+BhP1vImeASqNzLCmXH2/JRtAr6zeoufipsgO8dLGubRrtpYl0dtMZnM1owthmF19kUo74pfMdPZZVgVq/z2meiDyOPY45vqYn8L2G9AUeugJLJAUd+AP1W2p66/vcwKWWpRt4NkKOcliW/89W/FLShBiw0DIgcFdZQ775Q7PAHGYVl7z7JNoKFv6X96VtwEWgIZ3Gv3okRLv8MTQI8hcs8w7GYZwqrCF0FV6AtuOq2EsLIVhVkcUSZrvDLV1VV8FLUOGLzUG8Qa5NJwoVaoIGCFWwH21zBegBCzouvpkWOg3LUG6wpYDqwLtyrVHZ5Am1TC959lm+Cncr47OSpuAi+H9ZzdCNDt8ARYIduuhsBubsG6SAAoXzDTkQNYiBagFaxsKBbn5bsq8pfgiXoUtQ6i4vqYuqhvgDU4hK5SJWNCcpdMh2iEO+FiosxWVEK0sdagbBOMzGUwJavauh21aU7FhXbZJhjjLn7Z5qfiJtBqRoI7y3Rb9BJqO2K4kdaKOpNAg4HX23RZiH749aQ1O+Sz5RFgrkt149OoXUknqulHR1HfANqjn67PCpXkSARXcMekPwV/n8fzWw3WV0tZJds3hXAbCmgTYRiITV4Z686pJXFNcl1s0G/bPTfmPaO64qy4CTTa5XANrLKqjU03CAS6lyx7ZPgE1VHBC2Y6rSK3y6xndTtpUBGGFWO3In8HXGKbTkGqqHVgt+dna7M4RTTHFPUFkFOCu2Q66UfclXQ0zQIXHLNi5Kx5/fWpEzakHN540F/apKJGsic0h+Frm7NsE/iaLlS/Pytuguh2yk7aM7LMNj2m06GGyTGe3TRPuV4wWtsrX27TSe/YTJdZqyt2AgcaPxFhiatSXUMdoeqy/6NdYYPYAR2SVaoMmmB1jb8GcjeH14WVZEpazBicCttOGPXKNgGbDqrKUQ8J2xkKyjBkmvMplzZ0Ela2CZzpTHLdWXET2G9EgSYCVWl1eAINiyBSQ8wRfk7dPqjjmwh23+tlOoeOBB5VRX4DXm8CjppF/gp0iTGVBO14vhIxoKnXfQ8qxJloRaL2RYZXKa4AZxz8olo4Dgc3QrQwjILe/p/jpqKA1/publJ5H9fDXC57Q5J5244iW5kl+nm6UP+i3rhdlBpQldxGEPnqhWAtWoCIs7wcIGmBPjOoUC+46dDc6msVRX4Dfm5JhNE6r0l1NiVxS9VFOQ5r+I8ULOobiPJZRlFfoMMbFFcAmaLi7QhenFYnaEzOgIO1GmWboG9BRWZfsyyaHZ7Am72yRQYToZ8y8zJnxdAu2wTor0nh5PhVzUwVN8EX8phkk15rQW2uvdfXXG4uo6MwguREr7bpElwdp1hEsd8BRFqt1qzGNY7Lh2q5AjJgcauAfn0juKGcvT6xcYVK/unxdYorwM7vvKRZUhrjo23/cIiwbBOQsHEqFZaSeuttp2V7Un7cHjN6OhBaMVL0U7YJmCPEPmyon9bMVnET1BJO424xm84OTyCi+lk4gJRZkybMOEi1Xm3TjdUQQhQ7iv0OtN6GHdZ+RarDZo5bEnQ504kqM24pp0FnES5KUV+AIeSsU1wBdv6TG5BiXIMmPDPq6TnUKtsEiR3l9fWwgA16aAeDp+NuK1owl3HsKGM35CzXlWM0f1RveY/GT+RqaTIfHZ7AdBqHw+R9Z4KSCFkynUDVy2U6L4rY4RVsJQHufbRdWLyexVYNdhl6E8V5WQwZCuNv05IiAOiK+gL2ZwfZrXvoX0IyHe7gKewNqj2ZIGN1ty0FpCShnZ1jGe6q1eEJWJQjGA4pSlHrAsGKANAoYTUstmwTiBQFocqMaQ7Urlrlxu/HdSGQc6gp2PhGCuqaqhzk0qQ3z5WmFg3Jy31OF0u43Iw9AohGqhPl72/SsJxsyf+zvbzp0I2YBu16WsRNJdKuVtQXGLmGVRR1O7Dzn7ygRspkQWnFtR0DZZtgPNPxVk5VpMjHOjxBMh1Hb7eY0KYNHnbAGmxc3Q8xhCgs4Rv8+2pEVNwE0DCBp1DR1a3SQ+fVQ9RFqbQBPZZhWdQrfbVMlxsa35u7teGQzXSkuqy7+B/D+CgZ012UkgzFzFvKWVJErnio/TkR+ffhYg3s/LEOER0tMlfic1BWjmPD+UNlOtfh2HrbWZnMLurTPnDXUQA1YvFLmcgyWoaDiLGrZpJ1w0ITA4XQCgrZ4QlCg+BhxS4tDQ3kcGIXvFqmk+YEC60hQaP4b4BV4lWQOd4U/2Ow7SxB56WHOohFawtvZToJkwOoXiHybKxT+hd1O0hkwAM0A1rYSF6nCyumQkvxSNkm6CYaVyQNNTs8AZs918Pz1KaxA/glRkKxKSdKitC8kgoG/n21OHGMiptARJYOMdLpYKMOT2ASPwuLIUzmV+GDAc8cYS+Z6aS8rwkLKv4bSKYLmQqVHfgpyFUQgbTLQjJb3Gr9Ip1SytqrPn9Ol7h5p0wn2SgrRdSgrY4/KAtKBCyBkdV16GrADOSKmGf9b4n46plheKU6ngoxwtgmoVB/PRMJvICIgz4CtalcB7PV1/7b+P04rB4DyBYL/WZm1OFZwhTtYsauDaG21ss902HbXF5ZkKhR/DcACYQ6iUNi7MBPQZzijzEvCTGtDa96NdPxjZAot57p2OCZ87d6rwPOb9kEZ2uhYwTqziv7dtXra+49sEpqgSpYOjyB3zqKXgZa8oLnonGGgYLXX2Wb4MN3CVBGng5mjsJRhsZqXxzQr8qPvFKaKRwdngDZjFPbKwPISLlMbau+WKYjtLIQ3/mzhI1NkEcxXR1sYKNdujVcgbiWim3LGxzX5D1Rr8gJKkwkq0TjsWtzib+FZLqGcFoOyRw66RdtFTdSreSYQcAusbJgOjxBM+PIHrWAFQljMVBsZhYoRBnSajoEcFII1voUHBU3QZggtPiW6xcCQpFDGdZoh1Hog/KYEJbzWpuOGwRixmLkDY/0QhV5EkC96N/tOpvNxnJR7LfgORV/rd46KU5QldZo6ih2qaJuB2RaVDh3xqoMxmtIpkuvbBOMjCnnws6LoTs8wciMkRzxCHASOGFAIW5djgg8b6ohgLYE8Oi21k9zHBU3QYhzCDKHGDs8ATIRLMo8s1ozbh7aZ1mIS7B5sUyH0aK4rWebdmiC5VHMS1ZbvQ79CMTKXCouCxmhHzWhLfoL5C6Ly6ILU9xXgKYe/SutN4GM48cLZzhPYp0pvBG7hi544xkNuqQlQxguZ0YdSQVM4waHG0X5LNsEHg2NSh0WAHMa1WTqR1Mo0624CQaBWZCvQ+bYzoxDE1ahiXwAWR4USDTutTbd6clDpy/fRrjivYfCC0tNe4N4Awirns2xSjLW86Vmss/GC9Uq/gtIG6uGA6wJQ0amvcumQ7TjuI5a1AV6G++ug/PqMrx5oVRhTWMgMXR4AtEPBh/M6Fk7D1VRnOtyLCU0kZUHQqtepXX6GshLKGnA1SfHJKaKmwBFdPgCZCqm2KCvK2I/lcsig3e/ahj/WplOGntx3UltdvALOJp33Y6mXvmq3dbBbMt8HB2YQYOajPkMK6SSoUGrpqPIrzDuxER7h9vLmi4aEJBGkMZmTLpY2DRlm8AviC0jqvrYpA8D84jMV0+Vm0YiZwhTv2wTZFQlxPBlWvOlpOdrYERFmufUWdezckImLqZQb/XzR9P6RkFSvdHg8HR4RO4qPGX+aM9LbTpHuEaMxjZhvk0WWm1iWlcb+l881vkCdCpPq36HvoLpAK421N9mRV+fCNvImpKyzFnU7UCbBeFoq4NVWenR1ohLJhfhVuaCnzN3EpG5QZ8JBaK1BmFjHpWj53mpyjZBMp0f7ZEn2sGWlEYvfw6Ok0Rzmgf9fBE35JsVstJ5ErU7PIFkWn6pQ0+5BC+aVNL41Z7p0Hisx1UQ33kuCyTOZdmlZ90/3HX4FfHrNK0FdvQTIF5z+LBydooOLgC6YX7rSyvyK0SYsKjbAZnOwlGWGRrMPRuQEgXU3vytAdYCr20dns23l2POCPeEXBXVlqLauYBpNz9HsxALo+E2EtPOJRszsP8yxtBAI6HiJtD2Nz1kYvUS6XR4Ag3BEEssSpHi0rOV3BFS8FqZbliOSERb4Yj+vJGEHmHU0W2YDeYfOLG9E047pGRKEj7xzR/ALGUU8kGgVKPjAahCpkJ6FT1DiCznLreXUkDCBTYSi8Nc/DjEd5gwonbZJpAcOF3GyFZ4nT7DJmYmF7pOHd4N+TPemdpzNyV1eAIuo/U7n1jQ4auBuS3a2lBXo6qYmsLTv1Sma2B16JDyXYld8/O2++eDl01eP0v31nFAbRTdZ22zmcubVaUlesqv+66UGhNNDlMaWxr0shgPREgHZoCya72ZbyyAIassCQVl3LLNrFmUzOBW5hKxViiGHGbadH6NQ8IEIrwgfw2YFgEW5nnVktt3eIIsN87g2e0d689oPwWrIal2lhqxutnGDEkD9PVd7yttOi/FlpP3uuXoooKqRPHXUGp9jr7/p1N9gqqSj3eH4OxP/U4/mYYLaUmIgaURLBNKgkh9CMBFsgnK0Yi3UGXQRTRbA3jNIMqibgf5fTQUY5IYxy1PZ82tJMpDVrYJeDa0TeHRzYAzu3odnkCbnTk9kXjCuSF/DU5vmaKolyJUhyfIMywkoXTnF/OuQbTReio6289IAOPYRvRVvlSm8xpwiT8fcsoRJr0Q+8hpv7ir5WEAbOurPVA8Sqm9CTIahoM/nKAqlYDV/bWAaS2dUTUYHloMgIswGArBxvMlGotKpHd5e5nQzyKi6Di8CIFnZnKTlW0CjM2mg8r8SSBbmw4CzNOL50l/vEBx9alN4k5usCrHgz5K6frnGXYNJNpmi2S1ZZJcO51jOg04Car/QpsO1bMEWVerGMHD6/GPQSTdAUJwdbCt3GOg1BKnqVZ/UoksxI5fxDFECDxkonajBP2iRGn1rJsoMxQy81lo1vUt6ApFlDiKuh0o06FdMk00XbS1fkzNGbL1TSTSZqvxtY8LmU4EyM3FU0v9DflroHm108RuHT2tZXV4Al/9rjGUzH07wyJWcs+M6MJl7aOOZ0fdV8p0Tlf5Daf0MLyXmztlOTcAnkUmroxvXBqlXgIdMvD9tR/ooLH7eQqlUGomtFSGO6NlMeDA5hPKhV67FaLYXEX4xbKR6LwvJAnBN/ONBbBd8sNJ02jbVfh9H02TbWW6LIbVZE0wbWZGEZTa9DrW5a+BWKIn0izQ13rVUGMiVAylGrJth68G64NYi3YStvyoOdx0DL3UMx3GzbLsrfz6sFdHyXGyrCywDA7LgmKYQdWh+v6HPRTefClBp2YEEQmM0CBVkP9cqB8/Nl9Mbnq6I0kmU3Nyl1/NvgVLotBlK+p20EwnPVxFSbTtClqIKmRlm2C8jRS1Vwc5rQ5PQGZc6CQ50n9+m8e8nrHyRqfDE3xoib4AUY/L4kvS4avBWli6RdM+OQWLZIyVxr4vlOmkeINGrYvF1bMVfdD2+gDQ5y7rrkziUZuHxvegYO14T9M/kUDglwxLpWGvhN4qgERmNGqapfIoJwWZWhg1V9+1GZQUvFJYi7odnDKdt5l19IKV4ca8lFZVzbJNQPZPmudgTWl1eAJnRlFQIjjSf36bJ6aoPxTUQafDEwyqXIuUv5l3DWosFxjQV9pTCmWnZbaqKXidTceNfINGMYv1VCV6ugeV10hxuoWj5+CzfOvcbzK/ARMhy2FYRyWYO7MwHG0kB5MaQXDTOPfBpQStVsNd5DGw8V2UQKlEf5dNZ4UkvooJXEbHzEvJKYqyTZDbRS8LMYiwvA5P0AzFFIj2HJdS/neAnPF4r2NZQ4cngF7kYSgbabbDV0ON5cK6ZI1e57j0nhA1X+qZDsVZltywGC56bMnqHGccb0ql5f45d22HnZK6Uq19MoNHe2eu4yQjkVqHsBbmlg5aINQ2Pcg4oVOmGkPYkHBhz2kq5KHond5eSmVPgeoNxMxmLIdGvCJ6ZZuA6GIWuDnhUNXhCZjXxL1Kmffnt3lWUPs7JrIoLWLrN821GpbjBVPCf8PbS+tRi1kbQZbGTN3uVtQ+8jKbLosgbpwlifz3RyLIiJ5AqLx9ShfwsrMX3IAaqq9geTaeycoNsMs9Q1hDyHWEUjjdr8dD/feqOo1AnQiD1COm2oBIw7Nudxe0wCnToZNXYfWcp6xr1BWZO2WbwEEoPBFkrS9kRt9L0DCPuTq8G5y5YPepEh2+Xu0z4BssOphWl9cNX4YOXw3Vg8Ka1CIqomisTVuTv9IznaIkRsN2xQAgMKNHbFovNBFmDmUOzRZkC5TlmwMqf573NSM5A3k29rsJy2Fhy4XUcKepKggbxDs+maqmJi/qdkDGQfcqaJB6icqakMV5cufadQWspCjMrdLE6nR4giyKsJZ950Jlh3eDdcuk3cJ01/XMTF5X1uQrf7vbS8Qjz9KrjcEzuRZ0UsGrbDqUzhPTl31AtG0cOdnW8N0dnGKeMrwEEXsgQuA3h28DFJPm6+LPDtBD7J64Qqg/TWm6TmPyBEDapdiCxMywFnU7QDUrXwXb1GzO89SZXCfdsk2Qx2wtHXFjccJ0eALRM5Um8aVcUkKHdwOZ7kxS1BSuwxOw2dHOiyGcqELjDl8NtoKtZcMhvssTBKGSjgdeJtNJbWuNfYsakHu+cYfPQtX0W/7vwA4nIsqyfFdyNVckMCESPBOC4CB6f6Uf+kKRGSnWpH6GZFRY1xPHr6ELMFir9DSZei7zaJLVbWUu07O4kwCxdngC5o3Qs4aqDu8GMUVEJWlOXYL1za4hVLSy1pC7kF/MuwZIlAIWT+hyBPbymNMNaqb2wItsOqvekFHUGfie2Wv2CiHdMKieu0J5uhOYy4/tb8MiwpMymYV9kxQFfpNppVxffH+yAORWRbMUdTvg7kAHMdja0aofLodxbKcNBRLuLCtXgN4mPVSsCulueJIO7wae0dDWxndlmRvzahwSL5GAmnudDl8NQzrWwhBLAYyGtyMDL5PppLLdVsX3fvsn3u2A873/3x4wJRfyUsjUlRDN9udyDwVshdo6/XoyrURrH87MArXol20CyXGAh1h18s3GJvI1glwVrfE81uHdAKsnjpQ0VHV4goxqKV2crof6N7y9jLhaS9pYN3dRLg0bxwMvkumIEDXsHQL/20GexRKQbdf4Stoc6ZFI3C3bBM4gcicLEB09ig5P8OFpT9M542zIXwOeDa2ZE2xlbm12PMfKoWWWTbfDVwPSbSuBah9FDCt6xbTUfZFM5/shJ7vbhac3htxeLkXcgcPRGjPHQTK2ddu2sOceI6F9K9P5kafyxZNWh3cDqlnXLIHTVYcnYCpz5AiDsmyHrwZWMcTLDJTWh7ncUBMdhmVfYtM5UsVUO99DHLAFvP1rLLYbyB9G8K+Zkz48pLNsE+S6ICpso9PhCfr5IMR9CEzV4d1w+gvPqmhpKaymwxN8nJKxucJ4u/idR7Vo4imWviZyGRVpaeg1Mp2U7V34cXN5CzhluhhVHffxZf0U3Qc+9co2QW9AyCI6HNBh28x0IRaIkgZVh3eD2aqbDsSgwKpvaIxp+1SVZISiHb4aTuJVeQZtrfRtlGQ4gad9jUyHnr5nV30kuhsAt4XJDXECn9pxPGKBMRqKjGxkEI87iJsNUK/DEzTTcbJTqMXw80DaeXVSLjLX59U0I9NkbcDtArgXlLX0xrKH56OhWiZq7xUynVQmPnYdRR5wBTTjyJwNyMRi3l7iFO7YR0Kho2wT+MNEeZx9yyFeh1odnuA0b7Oo0+rPb/OsIlNH9yFzdd4oaCLnJE+ro8NXQ9Zfm7E4jKAjSnpesJlZ1fNvOqnqWOaFHInuFvD5u5d2ihRyjnxa0Fu2+Mh6BmEwIvxHKH2JxN/hCU7zJi8MX+zwbiDTeTbYteeaZbbmhURE8EjTtG636SoemTr7dSavzROCx6T8Ep+Gnj/TES+iP4v68e3/Ad/AyDg4CAcFJrZzOAfIkW32PI6UbQLJKZsOiEmYwnR4glOm6+wqeI7s8G4QW1RLza5TYz1zsQ2YzwoyfVfZ4atBgr0W28C7jSmYNVvPkw2LC/Hsm87KZz0qjkR3E1gyTg97guogDfhKPERV2SZwxjkL6y626DOv58qBK/7c+T1vNYySmbnDEyzzlmesssMT/JM/cTX9dHgCm8ATRBGkk96ilRogTjTPnukayqSq9S32gOvgLNO5tFvQwSXYQCAwfLtlm0DO7O0Gq+jLtPmNFM1LxoGWI60O7waxDNWS73RsZUwRWDsdXR3lBv0KdHiCGM4LGumtSRWDtJNsKJJnf3tp+3hFROEj0d0IiPwE3iX45uWfGtl7aRvtbtkmyLPVWfqip6LDEyzzhsGzUHR4N+Rt5OIblriVMf3bjUwJtaeEd51eVvgOVukxGkvqqjpJDLJomUVj6afOdPkYCIXRXDm8+AOuBGec5ArbVgetRuR4MwHanrLhbH6m4wLBbVlm2s50Z/O60NHh3RDGfkU7W8kSOzyByLrhWI0ntqIdnkBjGp2ODfn8JjPiIRxWcGGLBgWFmiqfeNPpElnLJYgcie5GMDIOxpUv2iHlI9iYfdaQbbvT29h0vkA++IGJssMTnM0Lmach9Hd4N+S3BlANcVECaR2ewJ4kKt36wWNFeQ7r8ARezXys02tZXtiZWZcF1r7JdP5bkc+b6fo6WkpiITrHnrsVLBlHrlR/JCITibE4/bPW1u0izi86uxXXKf7V4QnOMh1kEa5mh3dDOTk1exSg3eEJTCC6TM7c3iZbmUvE07Gqp9XowtBKPeYRqHbTSi4Ez7rprGms6nMjjh3wUzhlHHn/aOANlB5JKyNbGcQ+Ba0b9i+VHZ7gPMMymw4/NXZ4N/jvWOqoJCuwJWd8g0V05aG1/su2DEfy57LDE2hNMZtqmy41Gg77Drsy8LSZToqjI9rqpOrAAdfDknEMeIJMHG8ZETktj2z+Pl08zMQI0B2cig5PcJZhYTQgoMO7wXP6ZMqovSVHQ3mZGB72pwV0eAKNWa65kN9ZOjyBF48Gld/J1KNPuwKKedpNN8IC8YKj+ANuALktrGHlBdQydnymQ+6EZjODOB+GjY73aYcnWOaFzKLD2eHdMH5rAN1QgXNLjvQUdSbUodnzYNfhCbI1LLLyKdfpoYNEuy0z0HVl//UQAhjV+bSZLncuqJqi6ANuAecvQPQk1yaRfXiPjuakTWfmSYd86CtVAao6PMFp3rCZT70O7wYxetLISYbdktNZYWgTzg16r4LcpBZT9B1khyeQxEHHqkY3E1WE+4xK6vPeXjpiJGz8u/9vixywAxT5ibnEfAff0+OG/KTh2GZnbMPZkulODJygOjxB57XMhU2NDu8G/twpE5JFmBZvRlaHJ/DnelB6RYNznd4iTcFqMgntDk9gMkFnoC6bZvNYMJ76ib+R4peXQBZe7AE3ARnXXuBq8Sk1HKGLoepY2SbwM502QAWJWrWqDk/QeXWesens8G7QXCOlMC3CNuWYLoXOcLLSDk/QZUFCiopwNTo8AXQ6lhmkk5mBk2G8bHeeddPZCRJqjw/Fbw3aLPI925ccgUvIzGkV45icPLe5iUSe+P2H5zkL3KK3OJ9ma7fDu2H8fhwT5891WoXNeQc9yUctpl2lF4U3SEuzbemZUSuRRBrmBDKsqL5aPjT+xJmueqsu6oBbgTNOs4M9wWZ20zE7KHUZV7dsE3CRGBetX9hZjOR2eALPaxa4mMfdH1/gOAb6AUyptcjBOzwBCpYFJibe/KaN85slitwpip10gd52E5hap+qszn0LSPp76s/ppCfh8HicuzmcZ7rmCzUSo0EFocKdrcwFudkQkMSos8MTeN7MEEY3fx5V+6G8VSeZtLkxb+k5WJS/tbV5uyjV8tBrFXkaE6bDE4TePKgznt3MSrt9TsonznSNxMeeuz1g3PhJIrGA7EO68Hu6OBCQ3Ve2CZCTnMARccjt8ASZNwG/pdk6vBvGjD6zH4DVeTUeotKxpk16KEPrFWmV1rbDE5gOMjVMCLsxRQ4bVerTZroRLto/4IaQe/c+uyVfLC0aIzqP3Ve2CcaLEQuwswEXMk7JUiaZdHg39C0oc/rI/BsZ9kRvRb0odTs8AbvDSU7UIY62HZ4gYSqKpJEabKUwgqp0njjTHbeWdwNegCgGyxVIPMOr8BO31AhGHmN82Sbw7aIOgIrADluHJ2BeOHieCnXSQId3g4QwTfQ8zb/+3ctTvgmhfrjB7PAEoWwBKdNI5w5PAI0OC4fOKsGXaSLFoymf95lOd5Y/vhoH7AJH/nErQUy3V+lnPMM4CdJ3ub6JNJaUCGUCOmeHJ1g+pxtZpFWHdwPz2rXhH/NLgw5PkG+wmAlSNWDeul1EYKgBFrf1DBgqKyMYKsG2vKSVsCrx1M90P78WB+yE3BbiEwnQ7igZuDnSVaIz4xvPaPIjk3kLQExu3KCvTFcmN2+Hd0NYOc8emDbkaMwTedYsUtxbz4AiL7VozcPZ4QmGzSwaoIRnqMjgv3ymEvTzPtO1ccDtIZlCh11k8ZDkt3RyA0hT+6psEzjTwWGfckB3t8MTjNtRHyKHHSU6vBvGvEsaYX7t9w5PML7Bklnh5Fxf17gJGLROXRt2sGQTLiWsZyssQcQ8baY74I7gjJMQ7rKd0aQnL02DsmwTKNOJif0Jt8lddHiCMW9eebpt1g7vhsxnQQjo/Ju3i1Aml0Osisk7PAGjrJwyLCi6Ld9rDzm7DMUyCX03Mg7m2HRvCM44wyVIAlRE4TRV8GiyuNCqs7GJ/BAjXh8WtpEZESawM0NOWywd3g189JD3Fc4dqO6ldHiCfE43SFtv0DMa7ZAsDuYSosMTeEUmcU6E1BNZxsB4YhMeme4dwRnHHkGm466ShCaEG3laCo7WljObBzmDnT24kelGRghT3mL+/PbS0/gTxU5LpZ8OT+Bxg+d1zUbq8ARj+VjAnJ2swxNAw36CPKc5td/8e4PWEjE5X+N/GRxwY/BmIVngBUlO8RpDXadewnDZJsiLFFGJV35Z6vVNND6nI8mJjo3jdocnUHBYAcmxtn0OZVIdZZvg40+e0jqvaxg7PAHSLFVC0dPi1e3wBBqGFhLP4B6Mvl8IP4IQp86R6d4R+mzlovnMbqbSDXsbWOK79lHZJmjmGs8v5qDT4QnYRPFOT89pD+3wBBqTG389HCs4NB2yVFfpsk2QqaAIqTVV2eEJhszQpgbR4QlETwSTLSTXB5YwUytAuqvEQMeme0NwpvN53qgv65TTGGdnUVG2CZK5HMQrR301OzwB85rY0imSBTo8gT/Xs2KfGsqvTT5JrAYklW0C/qaK+LLTvG1h2NjsoTOPD9tmY5PmVywgEZg0j3K0YbcY3wug5pHp3hFGhjqdbBb/wavGZrsZHuOibBOQuUwRSvkTrc23lyHxp3lMB9/Ws1h0c3HW8JOjc4rrsYvWN4V5kBaePg6uf4NFwxAiNWvTftEcHZ4Aaq/MfINbGJRFwSGm5bHp3hBO34EcJ+5Q1yAcE5EJzeluZJCw2bdSw71OLyJLHdPWHTs8gTOUJQdGIznDDQsky5BQyjYBn+uF0jxh3aDPTBBWX3aquDo8AdSSqYNWLFkN1c6KLSab8Mh07wjj2Wo5CcwO/z6LxUcSuMs2gZ8NkxDEbx+zV3V4gtzW1heR7QkuZChrQDJDN1o62WfueBtlYo2UbQLTMqUltCG1OzyBBofshYlJOjzBkGojoFy5FTMalAQhMeLYdG8IzjgO4znsDngG5xKXFy9Z30SMiyz5TZS+z9vIXBrzNFQ0PMHWJjWBTicaAzvhc6ZjWPMqN5dtguppFdFWXNoUG5susj1Jpo0aHZ4go58sWQ3hNxIt1Xzyv/B8wP2gzkzhwxGauHyePYrm2aRsE/BsaBE4lt3Lm2OL3tMxN/Mhnok6PIGGQmG/9QTtwUUxdHW9num8AUTQdGwBOjo8gSgtE6E0M+EGPeTQQificKsOrtq5zeiR6d4R9EzXML4EZLmCXEP1kj2CdrdsE/j3ryJhbCX1tuibDijdADZuXyUzh4js1+3pRC95c3RtXbYJ+l97MmOzMUeHJ4AC2qgJZHkdngCxaFBqipEnScERVFXVPTLdO4Kf6RzG8Qg7SSI09RKXOdIt2wRkOucDVaL0gZwOT+BMZ8FtiINZOjyB5PqNZXTFfUGk9MyefNF56/fpYGOtLiNjY17Jj4o6RVqmdXovfFkS2pkB6IAFWYjKY9O9IXB7OZKEvEA+ZYfJw47qxmW7CbiyTUCmi5g4mHh9dHgCMpekWvYiXlWHJ/CzmGU2Y/h0aUlL+khauSRHXDTcMX+HJzBVUnimcrG+LpPYiuhXFjgcUpoEh5Djme494ZShiMvyBvwDl5BnOBan2fFLmQ46+9zC3+EJxrOkyFyP6Ts8wVAAXTjRLDd6y27IEEpqoGwTaEw0kqXNKYZFZocnYNoYSJPkwRb6rYzs9VhBVWjnJB1eptJAsPSOTfeG4AyV5OAwrIOEQ9c+44c7OTGdi5kOARRxOB0bmQu5/j6K04jFU3d4Av6+JfKqlkjp6YduEkgm7WrKNoFvaz/Lct3hCTTKI250POPr8AQatVK9P7B2C1tYg0zvyHTvCGQoXX1tFGKv3KAekWCcPk3Hafle2SZYMia+lJiOuA16SxeZZzfLdqZDpXO1KAHduI0FWEjklW2CMIrWc7ryx30dnkDDWXrmgsETdXgCT+5CetAY88GYKb3YzHxkureE5dv+KpMjHKflDqCJ2EIa7DKrzrZkuvhSxW1lxr7rFGSOzN7hCaJnVIGwk7mFiIpyRZYp2wR6pjOtH6+Ylb6gwxOILgsqX2bYpLdIT2HtOoPb1l+Fa9Q8Mt07gt9e2hUaz+noVO/U8hE/KtsE55nOKc7iLvyFZ5ElE5wm6PAEonJGCqVZKDuhygxTG1W2CTKehHgma2PeUJbPU6BzhyfIqpcpYI016HjCZE4LEu7YdG8IivyKwQnGDso+Ccnp0arDyVW2Nh17znLwJhjc7/AEvEW0fHHYOc23SW9fhqosYmVCphsraEISqmwTjP99UEnqoOX6vKU0B3KZbesta+kyhevwWoqBjhEUR6Z7RxgZh0rBub7gkHxqOWorfwlRtgma6diZjvBmUr/DE5g+E6tgFxH9NzNUVdEZFiqmijNnBe1tfvcy5J4SdmRszQudX4gOUovo8AQZzRyVrqq6d0YI1FR5fCPlLUHOr5yRkOxMFV+oa1AAdR91yzbB+Jxu8co2OzwBt7Wkg04ZekGHJ0hmHNKtod1ZHdUIYsMLaS22bmutpSdDyPhSSocnQChiPZ1JEb9uB4SX2roxBwJcuxzTm/LIdO8IznR+bUmVmlxFz6UPj7oo2wTJdPEv86W54fxxQJFaLsRsgA5PoOGkUEvv8xIdVB6CqiT9sk2gWRYtoZfScK3TD7E6wpA5OjxBdDFxUzk8EUKLaYNVQ2THpntD+DbT2S/iHemxJxjdyly+mxRX+FS71+EJPpyeIHYm4flMPrpBD3UUoXLTHaucWelaoDBlm4CMGc1M71tmuDo8gakGjycIS4cnQEMU8gwpfXqVaf4bxW32I9O9I5Ch5Am4VUMzDlx/dnTOwCjKNkEyndMOzIuHdXiC5a2pp4PS5NvPYqXNkXznJF1l1VOdRZRtgkyjM/TpiK3DE0ieaMoTUvFuZGTITBOtcngutHU3ilvwkeneEfL5l5OUc5mjefoaoMNpT3JRtgnyDRMLcMaKoAu3l6L3dAJ/OUU8HZ7A/4MgxCqXhnnGbKokMpqXbQJlugQUyN1QIZYOT4As0UHl+b1CITs8gagZ12FFrAwi0G2xcJpIPDLdO4JfaDhLuVRPYblJSxVtnaZxUbYJmrlO7mTqrdvL8SDpAzbzd3gCaxNyJnGjnNmM6lC5oZ+yTXC+qq6ZYoveu6YsanmWjWdGRn2gWwppBsqzedhNyzo23RsCkX94yMhvbaSdvmhcrDrnTyFvEfFQZsctnRpuJn8N+mzIeSo0cYcnyE6mMHVsIb07PEHN5o2aqZBA14gMg07IOTLdO0LfXtoxtK9IUqOBj3CkH7jhpmums4eSQajXM8it4HxVKbzw9cw1sqFZoik8HZ7AZhNBlgN5mGlXDO0IEhyb7g3Bz1ZsJ+cyorg8If3TAwn9Isp2NXzKdKoy8frt6K0g/5/Ok3VpmlyNDk/QLSIFq2tZOjyB1yH5PK1mTSJWk7dLnk9VxizyyHTvCM109hQOuUP7cgu8ZOnTud2maKazcGcA/HDDmW8Fmoh5PTHrUc+Td3iCEKpQBbWrDTsglQ2FVASbUVxapHrwatQrTvvYdG8IeYuIF/pIDshpp3CAP43fcNM1rXpSlSpumUnXoP+fjqXQcI+fDk/A0r1+Q/TdskOWY/mlLDuz+ob6tG5VR6Z7R3Cm4yQgx0nqMCoIyPjIGNcOLNvVQKYj9uc5hzPTdPhu4Ck9UzJWjo3MZToK16JE4a3MOFZCflPJjvYMHkFG5STjHpvuDcGZzukM3yAInx9g5aMO3PRueXuJuE6BCmrhjR2+GyyZrkvOsT5vCKylThvKend4Amc0G4zV+E5SLdhYr6rIUyk9jme69wRnuoRxXILoa7ewn3QMXHfGDTfdpynioZqlw3cDTdJMR65JyV7q8AQkJFbup7A8i9lGHZ4gw16bf8FPk9lwNWAm9PxIO57p3hKc6Qz2jeSecRCQ8zSSJKizbFdDbms7RU7P3eG7wfI/xwUpk4s6PMFQElq/c+lb1w5PkGVAnyc4HbGf5TBf7MmaVR6Z7h2BZytFXQJvnGKkNDaCygRrgMFb3l7mDs9TSC4lnQ7fDTSFk8+SeZqLOjyBaKyXdVQDBqoOT1DiMMWevn1YMCA1t59lhTs23RuCn61wiDg9FUHawdkRuZHdVKIr29Xw4T9S0imy/9zt8N2ATMfEKbtgNTs8AdvD5NLQJqHesENWdHpFWfGgi+mcqoQ/Mt07As9Wid58fiuXsFfYJ9xuZG9svuXtJSmmU9gJtzPIrUAzcj/JhF6zNVCnwxOcyIdhMM3GJtVYJLY1Ou6bPch+ZndsujeEvL3EG+Rccq+GZZwi8Zoxx+htZ/sp+PfvkOvJmMW9m8lfg5HpNGEXGBU6PEHVrH5sUjGq2eEJYinvp5FNvUIVSZddaJ/4jkz3jjBeaDii++lGbZ3JQxnynvDITZ/pmA/QZDmYpMN3gyzUs2ahho2/qbKQOxOP/9+6vulsqTzOiSkr9F61AbPSIF0fm+4N4ZTpcuAJ8hE5FoE9g8sjnqBsV0O/kYJgJgEI/3d/kXKW6TxxdFjfRCU3bbRN7uvwBDHjEDzEI4LifE63j0z3jkDGaZLhUNEbzSUdgMVDNKTdWLar4fRMp/os/Hf4bqApsjRyTt8gcnR4Aq+9SlpB2LR/OjwBtCKL4Maw2s+rHIKYk8bdNx2TDSjq3aHWMBQ1QYcNRd0O+pvj/u49Jx4DKtktHdW4kv86SNmuhrNvpFi8Tp4i7+4XZ/OO0zmowxNYOYigdSt7qMMTjJeyyYedwDLcG51Y9xGZTtGtcP+I9iKwxyR3Ndt4e9nE5o7cI57FjDjKWXgu29XQb6SMqZo/7h+MT5PqGAvU4jo8gWhkGZOHpzGowxNkNOuhDO982wAZj9D3z3RVQcex6QJ7TLKH5tfg3xxfXtG5I3/ofdHyMtM9d8p2NSwvcDSV5pQK2xnnVuD1krPHui5tohogtM1eG3oyaqqWuYWgMGdnU2F5D8h0eM04inp32GOSu5rNzs/TRfxgxGYV2XgpRu/m30jxVH7Wifi7+4Umy6Ok502D6Ts8wUJuddHQH7CtfyMFYX5K1a5LaTaE6AJSqXNa+yNuL5efot4d9pjkrmZT5JdYn3YC+cfp2a4hOVUIynY1sCjmqfSqcP/bS/5Gimd0eVpqhyfQrgm5LSNSNpGqDk9gS2VBNMcthPrKd2O2cf/wiGe6hAB+jk1X2GOSu5rNmY6I7JJ9HacxDv8CgdOof0sFtOk0pUHShwp/HvGNlLNjWerGdymhGNRWEz3XL5YzmeiwnamT6RakWykQ+oDby861ofSbwR6T3NVsZBxBZvBzFb/m5b3mwCyfcVxm8lsq0O98Eu+ZR5ApOnw3ILNrph5Z09a86Mbyk5ygF58wHZ6AYYcu2+yU6RYkJX0v/SFvL5nQ+/94pgvsMcldzZZnOmZAPr5gRJ9HwAen4ZsqwKLwSuSjQKb5878O3w1YA5O68JTMuvVAnSwVbZ3kjOnwBBJr20Ft0TGiukWam5Eo8IDbS0dO61/Uu8Mek9zVbM50jcat8AXcI135SHGbCrCJvoMOT5C3phYvKkqmsS/eFfhNeM3qgimZj07VmkBDcCXHDWJBhyfQIAvK0ty2DelrSE24LUH78UGf09Wud7hPek3YY5K7mi2ZLlu6lacaXZrB2WtWn30kB4KvPxuLQqb903RpGOmp7nawDTyPwSsDVbUmkBWwhDZItTP/xu2lyEQDCbN5TTrBcLiZp1duPR/yjRRHCatU1LvDHpPc1WzfZDpPJQdtNoi7+XlPjbJNgJzvfjo8Qd+aikST2Kc9mTH5uUuDJeRwBqJOt2pNgEpsD3YIRhkMHZ4gixBgufE8POYBpSqbzznzEZnOO9wKFPXusMckdzWbNoviLk6gSZza4ll4hudsq1lwQ0k79vTT4QmYl4mXN3q+gU6SyI9G79Bwqy9Ou2g6GxFv0MMymLee6TChjOiGTs9UNk+Y0hNr1z0g01kNX9ai3h32mOSuZvNbRNKYJnBqo5ns5mMEaUfsDQXyVvDLj5g6PIFvLxGI4Mr3FAOY13DbhktWosmcdqpG1ZoAwpJUQnTs8ATQkxa7nHBWBheQhiUE9YBMhxpscJVFvTvsMcldzcYLEMmVE+AqTnW4hPxBWLsMc3OqqaJsE/iZboL1jMC8TmsczJWpSRIAM+q4eYN2VktpBNVG5hJNNbUMOoIteq9pWNKcwng2BAgnCWoFef9MNyZXWdS7wx6T3NVs2tGW7eeqJptmN5Xu+mQQirJNwO0lCfIMzNfhCZRhmYVJMpHn9sbnUYghI2/dyGeRTLXgwK4bH95QUpob1g5PACECbY2uUTD22KeMrvZDPqdji1Pe3nteE/aY5K5mk/CG33hFfJCwnmedHPSDLtsEKCk3OgdhtjZpZ1FB7fVZCVpJEG7euNF1CDxbcFp01ZoAMhaCXVC03Bv0WdOYJtLVWNZqICip+ZhnOiuMJkW9O+wxyV3NxrOYHco+mENFeonWbrkhKNsEfjYcmcogBp0dniAZFqZWnSE9T0UbtW7aYBb66LrgNF/VmgByntKqlEpba4PedGMxkZ5JuzoaTpdQPuxzOpQ6Nl1gj0nuajZnOguPT+AWzTN2GWZNLlJvY9cn01VODnN3eIKRYR3/VSXugyND6qClp6D8UZLbNZqCmFOd4tSpWhNoqOQCCNvt8ASMWaysd0pt4T/PdZBQ3z/TSRXrrbKod4c9Jrmr2byjke2DeOyQbMzYelCM0F22CZy5YIwgZLnb4QkybyfTLRkd7YwwBst580aSjiBKdnArc4Wcx1WrW+YOT+BBDgm2bLXhCbNHtFxMqtU+5pmOuw72+PFMV9hjkruaLRknMdihtx7TgOwBj5GANpW0S7HTloSyFSVGpisPhwuQMOOWTn8Q3axRxVwLZw1SVK0JRA2FiSME+o0XKZaNcJGpbekqzZ0RFQLXD3mm02TMrQmLenfYY5K7mi3PdPGJBPKRcPCtJTiD80DZJnDmgtKykKhwfoEeqsxsZu8zL9Zz6fSASG7VUG3hqjk9HzPqrFoTmLqKqQ37Jr2X44kyj5coemtQlIpRP+gbKWxxaVDUu8Mek9zVbM44uvoEaByDw05BcDe4SZJzs2wTVI42jgVArd1zITN6CvIQy/Osnsx4iaGHoJs1xkJQUm16Oj1h1ZoAyqQlkXlp0G/8bY2Oh9qBJAoIAagGbxT1A57pmIursR4B3wz2mOSuZusznR2AWez86elUz8NJEDTLNkHlkJ9EKjmi31J4zNvHObdHoXOZGjn23Fs0qNPMjC3BV60JzFDKLo3GJv0fxxwYydfM1mUN41oQ9aPeXrLVN35/6c1gj0nuarY8W+EgdQgVfiQJVsCAUPGjLSWdD0IFp51qgz503EySe5LrlqQypmblrW/VoO0um1EaCLkRHEzvHQKfaCuswxNoKGsIQ86gvKYYV4Kq1QOe6WLNrQj4ZrDHJHc1W5/pemqGRGY8hdKOydSM0CzbBP6crvxA6LczYyhFlqOdNNkTjCupGIe46xuSqJKeDtKQxrYNCwe0FjAUVqPDE2SGYcgcRsHLktxUR4eIHvKNFE1GGHi53xz/+PinRxE3gj0muavZnHEs++QbTOaesEHTMHpjE4UuVVpUHZ5gzCuRcUJTtw2WJGjMwN2igcC0ANBRYfOZzoCeXRqwnukqFEOcZulix/2CxSDpMc90jl6adHWRTwpoHbjtrttjkruazfeukU1LlTdcekkFmn5PpsOdB9W+TBdKEVo689EOo3pUGZBKPCz+vqEqNV8uUYPTBEOFdeNHEDRchFCLt8MThDizaNqU9IzMvBEjeMwzXT7zYdKiXgViJEMxt4E9Jrmr2ZxxHHRVySfsDuOFIlPaiXJwlm2CyGk+PLW2M93ZY6CL0c6kUYkRQLqk/dMG8tSqQFW03ON0OtW6q9YE1sBhJxeBD0zh6/AEHoTObGZVKYRxznRIMAJ4wDNdNdCURb0K8IULw4033R6T3NVsZ890OuRYxGJcI64Zz8igj7JN4MzV+C5YWh2ewPRQhDAZoExqCUBA4yEOq9actR9zPoXlRqwnzziTrOo5hISutVAdnmBJiMv0MqI5wQ2zZCuK8iFvLxM+dRb1KmCbcfy57e3lHpPc1Wzj2Uoz2B046Xs2Codok9C4lLnkVCaUGDmWGh2ewPThEWGfdZxVPJe9siohElVGh2o/xu9FVbU4HWVwDtu4vYTER7kiev0bLIpbEuiMxpFJHL1grBbuWdwDMp0VtkWLehWQxphKDwm31XyPSe5qNmecOkN/CMxEZM4l6RnUKNsElnN69IPWbB2eIBlWP9xzNTGNTKdGkgKC2JRCRpwboPdjcp+ndguAUueSjNSpWhOczW5eqFG1wxNEcuVqcq/MnFqr6sznHtVD3l56lysSvNztZWyEsYq5DewxyV3NlgzVGXqAGZvNgw7K9NZX33Q8HuVgd6PDE0AvBk8FZCq4B7sqH6hh48dnQf0EgxzEehODjsjmPwg8Y9WawNJM5ac/qNXZ/u6lhmEKIVW/OTskqIwOKu+f6ayw572t694fsB4R69+bv728bJK7mi3RhNjdGXSocIB2d3ki0qlm2Sbo53QLsYwFy6td5wm0nOVdJxuFzLmV6bJ6U4sYQ8QkQRhZCo6HZDq2emYv6lWAbBOr3VbzPSa5q9lGplPhQKwzkxn3ualQvZWOQyJypzA/2rxccJ2AK66FAb0jpNiIkDbhoHUJt2ofZnbKw1jqPSDTRQuqol4FUDrGu/nndBdNsofm10Cm8+drcY64lyDPVJ731NRo2Sbg9a4JmhNGeO/wy4KW5ZTNsshZrItGhyewDSBaiMXctg5aJgGrzmM+p9PhUFDUq8DHP/7583FjxfeY5K5mc6aL/GwxpTaymzHGnze3bi9PImjCR7fDLwtaiDaHDRNjeIHb32DpM2SJx28cpMsQLRnLT7L3z3SZ16oX9e6wxyR7aH4NfUOkYoRmI/pERvvU3Hymg9JKasOZIbG9wy8LrIrbapblVXlh69EPGzSdtWTzja6HYuhIfcjndImGqop6d9hjkruaLRnKh+egq97y2GFfS5PW6q6XkiHAM6XqaHT4ZcEmYGEshvDDumSNDk9g0tohRhDx6GaoJzZ+0O/TaTavoKh3hz0muavZyHSS3ynyZo6bIM+WchnmLNsE/E2J5EJCuvkd2zv8suBl2wLKWc14WKzDE4Q6hrBJ1atRbJEO+xDmQc90TCmti3p32GOSu5rt9EyXOWiR9QjruMaS6/A0Ico2wch0Zj07OvyyoOVggOUmURXrWs90uWsQXdZv0+Xxjp4Hz0ke80wnIGAU9dTQtyf8FCP4Fvlr2GOSu5qNTId8pmg8jnMorNMZXub2hgLevIM3h996dvhlAbMItJIur1bq8ASiMoM5wuWs52YGc4TkQc90upi6nC+R6WyZQDGCIoBiroE9Jrmr2b4806lom9mMASH3cHvzwdOSSgmx916HXxZqHeJHDJGstbouDerewKQxgFhlSjfV0YX0AQEmfkCm84VFideIgGibn7OktuBuk+l2mOSuZmOzdJNomhGM0/GMfihxw82yTfCRD/sGZRlfP9PZGLVNKq1Mq+vwBKaByXYIR5qyc4RVpE31iEzHvicIvMZvjsch7ZTFCL5F/hr2mOSuZnOmwzOypDFVXCP+45kJ1uptKSk6k5oyDvf6m85rih2GVWySDk+Q0drBT8Uxhs2KZWPr0XjEM112P0VRTw1Sd/wUI1CHyMUHpsVcA3tMclez+bbQrpF1ZSrdRblNtlM5Ut6GAic50Fkc7dsr/GDQkllY12872EIdnkCDNoQpS25rRBBjtkwaj3mm01TW6iUyHbo6an2+vVS88jJucXu5xyR3NduSoexLTGREUlvn1YCX/Dn6fAYpmWQcNrPcReEHg5bwZV00tm4vFa9is4VcFQ3bxLLwIBqieECm06SaiABQ1FMD37IAPqn7YXPamsVcA3tMclezsaMlOyuNW4CgNaK0wBQeLdsE/lxDZHChqCWq0+GXBdaM6bUkWcOmsGE6PIHGua9k8Qs5vfP0Fryv50Oe6QRs8VfJdH/8u1Y6ihFgMN+u38Sh9pjkrmZzppMXSHy9gnZa7jHaD+sgKNsEKDncDA4fG/SvAl1OH2q1Jla1sS6v3KkMqpDrZt0PymozaInpPuQ3x3FVdHqNCEjMxjCfXlSqT9TTyE3eXu4wyV3NlntXF/IEVsZUaVF61C6k1kbmym8Z4GBQu+lOh18W2B02APkty3KjwxPYVBS6Zgt5LWi7aP/JLDHRA/8aGBq8RARU9M4N/bmNl/uom9xe7jHJXc3mTEd0lnS7gfttue0Nnyi9qaRpRaPd17hOr8MvC7EBq8pF15o27aAhxqGqFUyeRrxJCCpvvYd8I4WJrH9Rzw2KS9L3S1IDY0veJtNdNskeml/D6ZlOdfZXXMZ9TdvHGZNsZC4//5rLPhWBOjr8soB1tBAvKsvCJhsXS0Qx3DhNDtZSMp5aCfMBmY7JteU5itoL/uPK5z/FvzrsMckVZrsMp2c6HcRmhRi7i9uakdshdWmpWN90Gv/kUmF/+U3HsrT2bJ+kcMyw8f/sNKw4ZXs6s9EUdyIaP855xum8f6br9Ohf1A7gEf07uPXvk/4nsMckvzPbTjg90+nQRKpU8gCTGfMIwkAwZZuAq+T3dBCXd4v+VaDLthFihyyuwxNk4dCpQdVQxEsACwAHJk/Nj/tGCtu/qEtgDXUtfTXHD0fg5TfeHpP8wmz7QcIl1wdmtVPUvMGfMh2YjU0HF/SwJiUgqsMvC1qWF8PaWVhXubHpbClbLqQwwsUJSGCalviAZ7rECuYvahOIniIee2354chGFLz2jeYek/zUbD+CPtMB+XxN0zgGKyzTBt3pVWxlOlHBQjg3gzu3V/jBwErGYrSs5KsNO2TVsRfvfun/sUU5czRtIuZR30hh6++5GN5y0tpB89NJ4GE5jRh3cMWHwR6T/MxsPwRnusbj1OQ27Bu8/EOV8YxspGOUhMqNXCW1OvyykOV49W6mt/XhuC1pe3FvrppnvN5kmj0tZAr7gEzXoKmpi1qFZrkycA69g8iTBhlP4eJ1L+0ek/zEbD+G7mjOxjDNRDg2zh1VtNMs2wS8vXT0HnE8bBH5wsASsq7hc+6t2kHLbjYItS1gN44QBIBUF+xjPqfThFzPS/f6osMLGnSlL3Ehaqus/kJBQO9VbzL3mOQHZvs55JkuNxBNTpw61E5HMxvvo2wTSE54cmVgDNur/3g1scuyMhmmy55AozUkrgnL0sScPtT3CMcDMl0Xoe1T1PcgEutnxcRC0HCOJlwQNRiwKI58baKsLwZe5wWT7KH5NTjTITzGbFIdFq+pPZxnu7JNwOaFx+Sf2NR73R+tooUXolJdPkTosiewAVi73FWksBgDW8ypgY7oeNDndA7Z278YJm3IcqhupVHbXGlR0c+oToQ+xa4b/611/+eIe0yy12y/Ame6YckamY5awjME3ij3yjZBN68K8YWtXFzIV/3xarQMt30/QA/osicIhQ3Z9FYWnTaLK1oIe8TndIRCFNCcRX0HVgYaLTbBIVyND6c4sYyGo+z/HUiRBYq6BHtMstNsvwNvFhs0lmw4ZrqMyGk8YtTW7SVaVogIy2a5LwtRPhk862u+WreDiGKDmIy89slP+SxTNC6EfsjndMztOYv6BkpltVNE5XEnvNwRe30MR+iN/3PcL0CaL1DUJdhjkn1m+yVYuET7pGnrZsZ03WdUvc1XrOOJ8BTmAaHUf0XorVaXriVlfcb+r8uewMNetW0R8hT2U8IagnzKRvfPdKRaNNCERX0DQ11+CK8JDacMN+o8d8g4DDoO/de7zloDKou6BHtMsofm1+BMh0WJx7Y08TkzMlJraziXoWwT9G2PdGW3ic18On2V6L8YeD1eeZfuPm1nri57gtgAQgzgxcNiJADWgjDKYzLd8nHheshuyCTMdJn6OQVPNyzBbT4D6fCW0McApkUxFlnUJdhjkl1m+y3E3JYue2JSd/If1TgXazO2pSQE/kgqXL1aZsu1fK2DRdsWrJ2V1Qrtd9kT2GosPUJ0it4SsQuWsFAQD8p0uiRRYMN7opLUsXK0Ax//fPxL4YZDScZMxiHBFfFfgd945Gd3ptthkl1m+y0kQyEdc3LmqSXIDjhqa0xV2SbQ2mE+cUVIsSpe7RjLzlKAWiGe12VP4PWH0ILEBfvYu8MwtqZaD/ucTsf6azgNyrl0LHe+K/8pR5tvkCE2kjv2H4FUKOzWZI9J9tD8GshQzaO1d2zp+VJwJG3pdqJsE+TZMJE8LDSX2xB1XuvQArxkt2R42Shdw1aE9HpbmcEmoDTjkMLwYzKdJm34KGoCRUxrZtV0bj6n+UqbXoeCx3/8UOc42Ie6oi7BHpPsofk18EwnuYm9GNNF5/OcfCxFQ+OqyjaBnw3NmkRZKQgcIl/pkMZeg5egZMWtBhbIJVany57Am9MW6LIjz6cZLdR7+EGZbtFl8+I5PFq1y7vI246gAcd/fX9J1sCWLKCoS7DLJDtofg3S2bYWUNvy2TLj9EA6lzId/CrNlSYCwwv3q5SxCA6YlpAG76iguuwJ+juI5Y44o3SWF2RwD8l0XIVMvHF7GapE2SI3AHHwmPy/znSOZb6H37s7dplkB82vwZ+vaYIRhR1/BRQ5PcLclzPd4BSxmwNnZkt/gVKqyhK1iitZQEtXq0mcqsueoAtdzJlumr1nACgflOk0GTucTV/UBMttiopde+jDnwuZ5w6J4EdAprMmukBFXYJ9JrlM82vgzsJa59Qc3ElR4zQqDInWmLhsEzjThcZH6FXQ4JR433g/eRn9BSw2lUunpfbodtkTYD8zAuw8pPLjlkA10jjZdY94pqvW695jrfQDYVEXAGOY/L9/phuK7/9beVVdsGWSyzS/hmQ6Ts2CW+AJdhTPZ2RyHbD54bjGe54kLL8bQpD3o9HzllTSFOW9A2OU0aHnVdlKq3awGUPrOgaMCYI2zuZR+YhMpykT/tadUupo/V55MRfAUYMV7H6QCozPH/RTzAbsIm7WYH17Vdljkl1m+y04Qw0vYA617CNMF8sy4FVBWLYJWHu5FnazDJMskzxtqUMn3sczV/C2wfIAJlyJtv5GCttLVBZqmwG2RERUhuU/4hsp3vqetagZPviDFIadcR2REP/wGylWpFDUOpTOUNQ3MIKjzt2ZbodJdpntt5C3xSqiOhN5Mor0VQ4P0Vm2CZbPNahGQyUNOIe7Pm8ZZdFXHcxhg3TEHpYcp7ynusuegK1lyggF6CwiOoklqf/rTHdKAvop7lvQrQwxw7MWNQPrdHz55999z3TQ2zo/SwN9ANtWZsCJeMvvm+lMWdQl2GOSXWb7LaAz0u0NaabrGO3t7lV3aCMd58KJ0kEdLj/ZIYaTAZeW93QlinrlrNhae/1jZPQhEKxfX4+H09Q63IkMTbaYOP3fbjqJP4Miv4Na36so6hvI5bPWO3YdAr3AHyY6MRKychS1DifiLb9H7cS43btjj0n20PwaenuJAdHe82BMH8b4gc9tzrJNoIzJjygdd+BzTYEswSkF0HiiEq0AlphbLDTmEAUDDHMOAlF02RNUQAVbyFlTNTIsx/UVma4iObYzQXe+zqK+A0KA9PHSi1oFBWpREjh+6pDLQ8i2MgEr05+ivgHWhwUEe5XZY5KdZvsd+OLZtzRBDnVqGffSos1w2SaQHC6ESHI9YEhQp+C5CLAgQSQ+SZklK5wOX6LnA/BvG4D/TNBlT5BxmyFrd4MydQ51bKsrnumSAyTMVZHfwJhSM255j7YDVCa7kL3GClwUtxPMiT6yZlHrgEqYjQBW1DdgTYjlm1b4BHtMsofm16C7c4m2/Ub092SeE8fIbxywKo+WbQKeDS0jldihbgfwpkOcJ7SnPEXpRKRaEeGke4uoS4/SpuFkqMueoDShok3FwtViJhuR+TSm6vdvLx3htYD8rDuGH78cCLZfw5kINVG6uG8he0HyRP6zm8szZXQUtQ5RBdja27aDz92vGfeYZK/ZfgVkOomXzsPgmgbz61QPhGM8w3TKNgE3DiayC8CLwpKTDmmj4iJoZNP/vNRqpRT1me5RlxKFje5pAlVd9gSliZgh15VF5hzCdPx605E1YmY28rpXMo2XJqrNPRLlHBE3M4slJV5d3jhfAB7mQcBFZhNpHlQq6hsQkQMZR1GXgOnRYstue2h+DQkUzkFMklXWNBmSV45R9cs2gTevDeS4LkZzI0gVrVZj+EmOLN0aDd2DzxpYOGtPvRBs3V5CPuJU5apIROIEl4Sn45rP6SzQgMgiJ1A0ZMuz5y/4eeVJ23V5HpI8x6uf5jkroxnwJckpbhWI45rHKhX1DUAV417exoVokcBa1AR7aH4NWVn19rVJyxMqhnhWDiEIKWWboEpCB7WvjDOm2qroWV6GO7gI/4+OZelqCwEI0aHk+7Emm4QzBKt2KDmsXZ8QljSMANaFKa/YdN67yQSSVuQEy3Q6t3cJARaZBNmVrMjrMl9DK1/kDwAlpO4OZQTROuGpqG+AUVtARVGXYAhlEUVNsIfm18C9K4Jz5ZilSxj7g0EfOOAddv1fBr7XGaar7Wi6W3uaAvw1z3SCCMzFWb0w3MqYCqWKW4GPEYCibbFngCwHI8LHbx51uB+SjD3KhJiJUL6obwCdfGyTnQOJRioQD1cX4We6CzS/hqwszuDD9gaYT9qp8tFLUbYDViBWij1lNzsoF06Fy/ZTq3HNprPABOT1xLEoI8JLyeWjEcPaTuS8K/NUwO/CrzRGk13KSHMRe31buyk6+SHhssjAsgwxFTUBNrhE82vw52uR3QcNLzLPIe0X1LiDAn8Z2GBYyrdhXDUQqu1q4MAGr95VmU6ewe2qr8t6ONRoJtRZ1CpYEtTKLyyjaAMppUvDOYr9Gfi+qpNclOBkM9ZX3AxkjcgTFHcBItGr3Mh0nnqT5tcgnSW4a3OpmpMUN552mNvT30GBvwxku9wc6E4NR7DdbNAYOH5rx7W1r9t0zKDTu3k11TFfNLicCT4aF1RK1zMOdaK6n/l+6wfWg5hOfUkb9BCwvg1aFIMGsZfXZwiL1rLBYZGYQnVRt4Px+ZrOTNN8R4cWw1aP4x4K/GVgI2G01DajLRpX+4etKBPLb01yXaY7Pc8gusiv0ITBHtqxVULshzvn6krlPVnvlTlXv++9DZKJAGShdbFrMH5pDy3WaTUsmeReBbfitgHKkU5WOTAtC2X6om4HznRIpliMyhIwfZBgchy3l5cA08XDdQwzYkf3jRfYmm5etenY4t3QklbcV/CYAHV2pAJIrR+C8WXx8Azi1Qi2proEH5Ir7j6BXQoB/rTAemxlJHTldyScLYrcBr7LbKGCbblZ7D1uLy04SwMobZMRoju1DkJf2Q5YAZwJM/aOYTHj0nE7ZlbjukxHyMx0nrXIL0Cm0zAvHS8mF+Bj3A6rzF9BcUIlYOT4346t+z0gEi1sifU/2BvwUxXT69z6PE3jKBXCYjcBW5ickFLcBFg2drvL53RIHkvTMl2oZ/Ni/jG11qWBsh2wAjKY/2aorxlmrRmNsSVbmebq3xz3bvZH8avZIDNbm30xU7SEVwcJaUmOowcg6orAazEqJIaYtL15PVmWp0aRE4iKcfS9KDFgU1iuomFxM0hPprUSRd0OnOlQOfboNO4tmc5qujgy3SWQibKtbK3sBl/i7g1MCib4azMduSNXhj1c3Ffwxtd8qnZ5Zf0S9VXkNaaVTaz4dZ6LryGZmkbx34KzQUg31oa9NSzKiC52C6DMsUUvXfMHl7X2om4HyXT4iUrnMxXuuY12NXmKsh2wArEb9pO1/GUplb7ENp/amFRH7XzlpvPfXbZEFcV9BeZmz3ve4i5Ab9qaELKUiNkr4Rswv6QkBDHD1v7Nmky7QWoiwGrKV4tfB9GzoLxbXleAlCMCsuHvV7wGvL305uryskbf7mIfVtMFubi9An8Z1G42oJucvsrBxJgnX7o+0zGdftYfuJ1gIPQTWpEXwOGhfHYLtVnA79Nc9bAw5Ga3dGgGiEtLGFuj1DiZAspUF3fdCHwqJLrIGfh2DkbV1rtTpqtdszwVfMqkKaudziyI0bIdsAIYDWsudw2+S8GG7jDEKcjH51duOm3yBEM29trF0ZTZ56vfqZwBlb0UtC336rbeBc6eUjKSJGvTnaCDFDIv7lu9oSiljbBugwGm4/HPiyvyG/BlEi2kRd0OHH58xL4pRoVyWbaJ1CrbASsQQ9VmS9Gr7JEMu3/9M52un+U4Jq7tJ7k7s1aXnZcQxzCTg7DhqqsvQUtSis5WqqNfARNVZ1gcnzp0BnFeohnUkKnVse+BOZlZp1g3AhA2y8Lv9fYSda2FF6pbI3qCqKbC03uwbAesgK8914o6hW2Yyyen6PDAX7vpIifC1nxIM3vTa6eLbM8fv6tfJOYCCRJqd/jHYCEWJVkj8nCH1/HPoEHm9azmwo7T8thziWaD3q0NHTXO9oXWz1RFfwOV6KKo24GDhcDr80TZYLq/ZOflYpmCwTuk2r8MZEAfdZXcLLiRkRTGcdVvkOnYw7p0PPYXN4F3EGA33yAc0DTXRZhHCBTefX/6CaQAQohBtomTEwh1ZnmZDHc0wSlydbwALmLispD6uXXNS0OwBL7NFNbv8Xjuom4HMm+WF+Wdx93NMrwSHYz4oaRsB6xAjaYrb6tiN5vQVxoDLo92Me7Vma5XyDu4uAkgkL9581itjXTHR+HWPFuMTEcrywrzz96n/ONvGsYCsFuqKoTm7dJnZdigniwlCrhFjj6bt3EhenoCHVZRxTfLW9a1EG+uAqrS3eNFClqQ56w8Cc728Yp0YBhI1LS6ZTtgBXKlfOXziiP2xJIxYGwp87q8QaZrQEZwcTN8iIBLa0Wy+TL92Y8hI3XnaCwe3/TkYJswCJxzf/ezgGYk9CBIKvhd/El4xH2IYfCM6UWQhkkz6xndyBZevhQ7EaWsFic9JJeF1Fjbz2q+g3CEvM/bS+uo08qjjnVmzcl7YDK7xst2wAr4WmG/cc3isfVVj/XRLi5zdabj8ni+rcid8VxanhzYd956n8FYFFWcYLjHCMQJv6gtqm/YvwWEma3MCkNuWXaLT6LoajLjIC0NWfGcLlzLzrTkMlrDYANZkw7kLQFkM1372a9Ci7odkKXR01HZujBTlqxiLMqzE6HKdsAKYLi6Sqxmh5XbDhPHnsPSN8p07G0JLO4b8CNKLydn/dLF+Fl6oXJk8PvAHGHUMGjqz9zf/XhrWjMdRiUWqdHI066HQsJQ2uNFXjnAa9RDahCzcEiVCV8aD2emPPvJkfHIgXf7FjmPXaa8x6ZDD6tiAzBJVpDs1kWB8FDZDliBGK5Xq+nOvaBUx0lq3Bu8veRq5QJuuZEITnHVNRcUJb/+hCqlCITJwQYSoqHjRL/944Bjh0+JJD/SIAUwiWm9Qz0xaVZ8GvUXR8BQuyxZ0XSWEUtzpqNvmSDUkw5Wm5ZqHzXMCiBCVDsofwH5nKcq5Y8Sqe1ArQEpnUUxu69E2Q5YAdnJTqY6jjJ6eWfA9QY7jHqLt5fjr0dt3oY41eHCS2g10Bw/bUpeH3usMZ/+wexnMTAWQXX5Z4TrzGYVFW3w6EQeaIwOMbgFwemJRnxiA7nXvmlRSvg8JFltGqY0gQW4rcMSLFVH7bIGuYOwlvfYdFUqqmSF0Y1C83b2DB6b7gLEiL3UtWjsG5diDGyMe/VvGfC0VseS6xX3LYiC/Y9aMDgU+M5vwGji1fQUfR0tYMapBf3GYkZ3AEScWqpjjgN4lImXLYeLRTaI4qUBaCZ0rpRuZnVa0CqM0/0Xv5AUQpWmNIEQbVuYSQzbN5fjDsJ8d3iR4uVYQRdoNdZFf9TGS/+yHbACGNHJbVz3kelqTnrU3ne69ldnuoiWOIkt7nvg24SnLOHA4C73a3lEos2IiUIyfPMf3n9qKh32XEgvAAJyGsy0qGhE58xhOjeiVVDe7Wpnu5yfKKCappXsgMph7App0FNTdWSpsBYb8GHtUOoOLw+1qkVbzWKjYlxHOyZlFawOvByobAesQMyU61ybpYNR3U2NVTHr9c902dKcF6K3tz+kusoid1hQFyd3g7YFmSiNsgp440aiYSKasG2BqJDTCcXAcdJQeEsCaHjmMnSMXpOiwTJUoIKwnkLNoWTfFTWsmRLiJegluRu5YxuZjJlVF3U78G8ZeAYqq+iErBldgrdBxuh/BFV3N/SG6LEQQy7XGVc7XXScXF1bVa04zS2e6XAOwuPlgBhari0F54gDSwYYUQGiL5t4TAWRCTdh8RpkOXf975PAIarSdPCjGTiSkEOuaR2fIAuPSobTPm1kVuFAJjkjWcLW5aXB8J6/8OJ3HWa7z+d0J3P3viLz6dQijDfK46e1PPb48aar7o89Tob05bW1Rmc4bBpY2LhrN52l+dxz688ftuyldclptZHhXqOC4MuWA/w3TgSuzLd5IEm1wDN+FZh4b9LMPJgSl5b18DdNQiY6KC1tYS4V8AGhuSvTZeSNlV149B1gXkSIq6jbgcOXYVHVh3t8kGisiT4TPPiourvBkWqS8ohDV5fL+6lDO/qMOzS7z/VvL335KmtXRBZDg6wDgpQKc6KFcWr/Wft/PP4LXSZe+NYPAwtH8MesnnIpVrGnieac6/M/BFrSjqqqaU2nT0mGRInpKk9d0ctGvDzdA7ZTJrrHpotyXXCWz1XM8jNgrAlynR5//DjFR3kp+8jDuo4r3aseLwYR23kQNOfVmU7XhEDujb0rgotFlzwXF02khOMBzZ7//tn6RQSx5yYwk26WHKpFvqYbujih6IRpcH2lh0xUpbP+Iv1OTUm0AqHVqY63G4z7fsMC6CwWUdTtYOR4K0p4dnAGWLv6woLkWvhQKyyPParublBINmfUfWCp2gd9ThtS9bBd9aKtkeszHTIlirK4HeCEsFzdKu1CW6o0G9B8wrldotn/Lni6xhODBtPK1tAjoQkl1TluXU/Sf18CJn8iVtwd3gVEA6YhXBZ1O5BwK5c1OzSjKjbAYmisBQhFXQoIHlv+fNNZUbgfW7qmidK+aA5fMd1CgOe0um7TSaT2cvPDzkz3lIBBEqiKWAHb7eXfoRMV7BO+bnIJu4dqnXaQRujEa+M6/sjy55+V+POrkW8eV1JzWHUVNLsnajtT6eZLtfBXZjpdvexfBBd3wNODM10yW71F3TRbBOu07p7cRY2Hljqq7m6Izl7Ng8rejNBEY9WxJmWsqOWEyjiy47XfSNFc3tASdIfPcA+4EyTT4Ra6br4Touu4PAqwvri+wLzZpQGP/1LYvdt0fvNMJ/Ys5hFlZrP1aNqQsWbDRtYRaq3NlGpcl+kUkzy7jfXKd5dvBsl0vW40E4jtFKOIr6TBI3sag+4x7aq7G8y6ZOU7t2UzNhg27E1DDKmYocKNrANiihIIrtl0lumQZMnFHvD0MDKdL5zdYcluDc6+sMImehtz1sBz7t2mrLq7QZmOrNx1OGPerY26bgFR2CYzalkMyzCnzhJc+UzHq0vEc+F+fi9wwH8GPIrbT4jHeSqxQ/hiugjePQZxlrOGLvid29p7alTd3WB+tsLyouFfde/Tloo2Yg2Ewslv2pcm8lNeGcap3Ejjik2nuOJ0q30secfd5evAx+mrphS+iO6OeDyyzUiDA6Ewr0ad+m5tT4UaVXc3cNtsYTqluT9yvFcbba2k+j7T1zrUORGFEpSJjLki0yGLcFihxR7wAkCmsxMo9lKMqxjHd1s9N0TRro+MOYzfsa2p/GtfVXc3LBpy0nbquUdbDdrDROBA0GRP+PZBDLboKQtGtSveXkpYdrGEKLQcie6FgG+TAkt+61UkOLujspc2hy+xUMJ7BP/S5b9Tm64Qv3imswQkidsKa49Q37ztRmyF3tQ2XzsMmL4MJRGekV9nOoIlu9hmQlrxB7wA+OLJDXTo8iUsE8jtGbmiHKHI0YLS/qZmdq0F3bKtEo+iqLq7ATaJ0XKQIHlaggTfo02n7ZhKpQap1VEFZfq1qLHSTs1fbjokajbfiiPtSHSvBP7IwO5ArUPOrmYQeUHnkZBwZCy+jJeJA28b3Ddqu6nD0+usurvhYzyESlo0lvzIvHE7HemsLv4v8AJah2qMZ4uMsd9+TsdrS7+66RTHt1FeC7h+dgQ8waF5xHEuJ35SdGOzXAyUH/4g+J/fNJb2Zu2TQkapqLq7QbyoGwcXf9pjZTdsqxRY0bSE7SBoiNNM/rY6TncufpPpvOWYzIV2/Oov4hzwnNBnH/tO3GbEcbVyVR2mBSqFrjNRaHi5B4RUcfw2bTU9bRME/aq7G07/OVt5kppzrOyWbZ3qYTQaniodL0oNr0bkWUpYNZT2zzOdo2Tlq+H5jj33WsA11D7StfOF9E1LriZR3D7DgAjcxpNFEiLoGsn7YJMe+KvazM30NJGs2avubhh6orwkRbgzVLJTNL5FOzqPFrNkQEgRiVL9dqjN6i5UP8x05kKMJ2Xfsol/bJwD/lvIN1Jy7fwbh3EJXc2UusKM5VlEGOgAEeVwv0826nqUiH9NG09V0xO7+M3ndJamkpxU4Vmmu+fPqte0qdxoK22d3HiDY/qmxixm1B75QabzX+WXTFiZIVufdgkOeBXIN1JyAbmEhGW5hJsuOWgJuOAUpmETUgpDwwJg7G8Pqk/H/D9vu6JD7aLq7gYxsZEl06LYxlbTdWTruLJtsdQ6mHCMecgmAe0Ow2ZbalU6dmy6s/+CAWuMLBHZwcdLlNeDZARcJRE0F9ZXEwejN0ZNoCiNA4WUkhSlbYIHcI6h0YuAn7VTqWFM0FV3N/Cb49HKclwJEWEgIv+qtg7dHAQTyRlzHwDHxKPp0ZpV6xXyQqYTQ8EBJEFOhfdzL0RJD3gdyKsw+4kuqh2CCxtMQvYYhUCNouIFMDSueyikvkF0z+M/bI/KWEnWNL99pqtWVUdiJVKlhHpSlW4mOTP8o7bK0QOvBi0Xrj17KNIUGjpQKS59IwVT2s7+SeDAKN3jQhzvUF4QeKaTKyyR2G6paz2ShK8sh53ENMLanQeDIKHce0T1qefB0P2gnUqlsLgu4qrubkgGrx5UkZ55UpyabjDsOXe2XYLQfqKKkYw2tkZgfqHaEmBdFdBe/JyOq+Mf33HDkO2cOXQce+4VgYfzXE4BVxQHoTcuMmiOXGQVueQJ4vjOwlRGUY1SI2aE4Cdt1To+5YmquxsicKQ4HhiHRKFVeCIo1C4SArojj3lsDV891QelEXVNPtDECjDjyIAI+OGQCMGlTMdPYoZChyc1s2UIX7oDXgqcEYjBuqAulzOhWS6Sa95Grn94xt9XG4cK4YnwifMCf9LWEL+3rZ47mo+9EVlVdzf4r4FNmY4Pki15SdShoMXwOICu+3t82DWEOEbGHV/JYHKqM7ZlqVOpp4kvZzrtZ3Zv9jabG/nZfkeae1FopmtotidxZXWCj5Ms3sL1pp39pTM8dqDwgVQVBLiwjs7lthpCWBSoIf83vzmOkCXTRSgaWzRN4UohtUvkYygiojW8aw1166mE2HONlNhJXKTMuqyXSGG7+ExnxmxnSzcX+/mfj+MVyssCvwmZbOCEwxXVGV9NhLaDuCGkKxKFygZwO4IOc8fbBBALnEVU0EXgpXbmQYZRHvRA1d0N58904q/QUQpDGoUiK0mLdteU6Usx4WlW5IJqzYjRZldTszHMpB6gwNgWeDHTLdteNjdzNv4P/4rjAU8Fuqx4Qa9sPN9XFjfJWOI2V9pEaXnUw4wKn3GGg3AZ6sHp5kabHhMIExRqRNyPXSzc1hcBlXbSV61O6BlNO/x6TG8CE6LiCU9Fi+qEcmOMmNFWQQi5zZODRFL1Elx6pkOa97yjQ2bRXemx5V4Z+KtZvpSOw3jGuLK5yI3iXHUa6sV7OhqvgIxxavqqUooIwlCYY6O99BA2cENc1d0Nn57pKhbIJlkk15Xps+dCru1HA4KeWb2ooIW8y2IvGOHbhPMRGNNym26RSOrIjmc69usSCyi1b49nuRcHZzpfyuEZJ4T6oNRptRCpQVso+dDSoe8CxuQA96GCYvS/bUuM8w/oFB2XHLWq7m4Qu/0VOQ0qmaLvALvGOLT7ata7pQWK6LbSVM3iQ4hGgCBMGDQ9DzLipzfE5RHO3U5Jyc7TiMgvZTrJg5hYMO7/O3bAy0K+eynQhfXFXTZLLrYvN1VxJqsXq4if0jSmcdwZoOxG21ucERj/pm0KTpgYM87jSPv153TIiToIBCGFOzPn0FJthtT2nHTDEO2HZtYR/TBSEGqBqyDzm+WMwYWQKeA0gL6Y6bJPLVHFxh/wP+B1wJnOIT++gUOAGZHaWPtKo7URg6KVeNLJCERuAeaTa9bfNPxtOwWsqj0GVJjqqrsbxIRCjQmIU1wIwl3kjjIzsBJPTpOBtDNuZFD02FGmYOkOOJCNhikXBhAUIGys0ynY3nRitARHiWPH/S2QZ7qEZdW6pfIFxiF0OqjbZxy1TZt6VHGsdlzSSBWZHrPU+I6aX9tjIjV0jl+jY0MizGml6u6GPtMhPXItlDN5S2DpPrz1l2HYTm0IIktyrKxV15Cfa0unSU6N4DN5EGoBYM/PfZ/T8XXn9g/4K2A80yUlyBNy4IkUHIwb/BpOKOeu8g3WdlQOLCdkGePoqI6TU6udreW57N3LpGxJs2mg6u4G1By6qa2m5bii6zGkp+H8p9kpwYy0diIcywRcmjdUdEdtBnOOyY1QIeph1ZzCXch0B/yV0Gc6+VXCc5xC7YTp5Ac5jkchbeI43Rc2m6SjM3sImlOoD14t102BozPm5rlI86k9MkNmsi5Vdzf4mU5SEGcxViRJysIZS+U1Zr1QCRmNjKBXnFH68cqFogI5iMfRTMcE6Wv3xSjgFzILv5DpDvgr4fRMl/BMi5hstxLgM90rIiE2g7RvmqmcjuNqu0sC6XAEZMw4sOqqM9rtZ9jkpvahuVXQr7q7QUzWzuIqPpIFlo1061CihRaVsqZSDpwaMGSBoMAaGRB9WFj2MrkqHyUeZFJJmCPTvSPke+wN5PaJOFfcwu6iSJ9BHaevGMLkVtKCMXEnt0kHHciYKhrpjlzmdk4Nh2gkV/U0G4PIqrq7gWc6y0G0mtFFHaM9eUqKsaaukyXRomAYxbKY8EGi1hmnh4buwrsHpddZWhN7wIcJjkz3jnB6psM91KCNi1DHgziJ3UYGJSoI3EhaUCO4iGlbnUGEiyVnVtJIoEa7TkFZAZYRVNXdDZEzJFukBS26jqJlwoSpmFR1eNQJKhhRLQKS5tvzqIv0TKrSnD2aPhFjAqGOTPeOkGc6fMXbLg4hv3GpjnC4nisH+mJKpkayghrGqaeu2xExiOSC6Q1JJFA4i18Gkh0sLDJMU3V3g57poldVl0BP4F6kp+iaoxt9plTtHgTnjayOYfe1iFPPI9XdU8HgngvTF6+yfEeme0fIM52fP+ImrgVn/pamkR123C6CTCcKNXIonrtBGTElSqelBy0rVKZrz+zoNGbTUXV3A6IsfZkk0wxdk6aWOTyogye2EIbzbJU0BjWIBa2UtmRJWDrVEGGWMpzwlOCOTfeG4ExnrxvuQMtpKWGa+A1BcKFKzbdXIDAs/KPts9kmRJWpgrSXjqicijxaEpHDShECOlV3N+iZLsypIgUtrEjFZyqNZuIxcFJSiKzyvJENGEWjNmFGPWYTimaPMAzbnOO92Iuf0x3wV4IzHWeisQ75kOK9cGCFwF2onaqcIFxDsaQL+qpgoBWUKRFeqZGJNLCtM3nOFNXDtTDMpk7V3Q1iYdZWFte2tYv0pCwwy3pDZxjTd2VjuTaV6c0cQthcGRUpCAqDqwUJXmeEHpvuDWH5LQOfwxtUOGyDwzkyDs6I5KTFzUJjElLaoEqRHn49WCwNIWSOzKvTo0tJo2Mw/eKZDuEnVdxCNPOfpFMumnky1Bo9EBXhHg1OeiPNF9tkBpf6lTK6HjohUxp3ZLq3BL5odArgdhjH//oJLZwDClV06ELltvAm4DiTYCKPuQO3ICweMZiWQY8bwYjRUFqgEAivurvBonMLZy2QE0mZIdJLFc0GlUczwllSN8CrZ5KYDWxECseoDyOAZSjds1KszHdsujeE5fYSP8g5bpniIThaArlKjqaoU7heQrd7nO6rjtN7BHluZkR5IrSmDiX4BePbMcFgqrq7QesKo9RDlOV7FkRaaCZjzwXdPvOGBxoPGdCkPfTLKAhtPKs+DEEpKRaV1Q7J52XEHpnuHSF/Ptg/f76clKnH6PnP6H+mCMfXsRPN+DnRjt45/pvxqrsbyjl+hqTznzPpyw/tr33K72lmyvOfE+ac+lP58c//B7QYw3qsed+5AAAAAElFTkSuQmCC','image/png',NULL,NULL,NULL,'4251e1c2-2ed4-45f7-978f-e90ab2557f3c'),('38346f8b-b9ee-4fec-8147-c35d82ff128a','2021-04-22 21:31:49.930199','2021-04-22 21:31:49.930199',NULL,NULL,NULL,NULL,NULL,NULL,'48132370-eb48-4748-a469-a8c1251a63d1');
/*!40000 ALTER TABLE `attatchment` ENABLE KEYS */;
UNLOCK TABLES;

--
-- Table structure for table `benefit`
--

DROP TABLE IF EXISTS `benefit`;
/*!40101 SET @saved_cs_client     = @@character_set_client */;
/*!50503 SET character_set_client = utf8mb4 */;
CREATE TABLE `benefit` (
  `id` varchar(36) COLLATE utf8mb4_general_ci NOT NULL,
  `createdDate` datetime(6) DEFAULT CURRENT_TIMESTAMP(6),
  `lastModifiedDate` datetime(6) DEFAULT CURRENT_TIMESTAMP(6),
  `name_ar` varchar(255) COLLATE utf8mb4_general_ci NOT NULL,
  `name_en` varchar(255) COLLATE utf8mb4_general_ci DEFAULT NULL,
  `points_cost` float DEFAULT NULL,
  `cost` float DEFAULT NULL,
  `active` tinyint NOT NULL DEFAULT '1',
  `createdById` varchar(36) COLLATE utf8mb4_general_ci DEFAULT NULL,
  `lastModifiedById` varchar(36) COLLATE utf8mb4_general_ci DEFAULT NULL,
  `categoryId` varchar(36) COLLATE utf8mb4_general_ci DEFAULT NULL,
  `hospitalId` varchar(36) COLLATE utf8mb4_general_ci DEFAULT NULL,
  PRIMARY KEY (`id`),
  UNIQUE KEY `IDX_151a70bea7bcca034ad543f5aa` (`name_ar`),
  UNIQUE KEY `IDX_396fcf68d3735292f408871304` (`name_en`),
  KEY `FK_4aff03399e7a89857a2d7a2594f` (`createdById`),
  KEY `FK_5650c2dd314754eabde073b6c28` (`lastModifiedById`),
  KEY `FK_e0fa731314a47727e87b236f824` (`categoryId`),
  KEY `FK_a5712dc427c1ff887d3a462d212` (`hospitalId`),
  CONSTRAINT `FK_4aff03399e7a89857a2d7a2594f` FOREIGN KEY (`createdById`) REFERENCES `nhi_user` (`id`),
  CONSTRAINT `FK_5650c2dd314754eabde073b6c28` FOREIGN KEY (`lastModifiedById`) REFERENCES `nhi_user` (`id`),
  CONSTRAINT `FK_a5712dc427c1ff887d3a462d212` FOREIGN KEY (`hospitalId`) REFERENCES `hospital` (`id`),
  CONSTRAINT `FK_e0fa731314a47727e87b236f824` FOREIGN KEY (`categoryId`) REFERENCES `category` (`id`)
) ENGINE=InnoDB DEFAULT CHARSET=utf8mb4 COLLATE=utf8mb4_general_ci;
/*!40101 SET character_set_client = @saved_cs_client */;

--
-- Dumping data for table `benefit`
--

LOCK TABLES `benefit` WRITE;
/*!40000 ALTER TABLE `benefit` DISABLE KEYS */;
INSERT INTO `benefit` VALUES ('22f568ee-0c0c-47f2-bcfa-d064706ee8a5','2021-04-20 23:34:54.971297','2021-04-21 23:53:53.000000','كشف انف','exsams',NULL,1,1,'5525ad06-5571-4bb2-a0b9-4371ddd374e8',NULL,'06f23981-f069-481f-b452-4e60e0b02775','00c2d067-5a47-4a6d-8bc1-a47af7fd4bea'),('3213ebae-7292-45cb-8c2d-bc622f08f206','2021-04-20 23:38:41.971962','2021-04-22 21:29:09.000000','كشف عام','proctologist',NULL,31,1,'5525ad06-5571-4bb2-a0b9-4371ddd374e8',NULL,'06f23981-f069-481f-b452-4e60e0b02775','00c2d067-5a47-4a6d-8bc1-a47af7fd4bea'),('8fb0b040-937e-4396-8c49-9eb7276c3752','2021-04-21 15:11:54.948616','2021-04-21 23:16:37.000000','لبن','jgk',NULL,100,1,'c999ce37-a785-460c-9584-c024828c021d',NULL,'06f23981-f069-481f-b452-4e60e0b02775','00c2d067-5a47-4a6d-8bc1-a47af7fd4bea');
/*!40000 ALTER TABLE `benefit` ENABLE KEYS */;
UNLOCK TABLES;

--
-- Table structure for table `benefit_request`
--

DROP TABLE IF EXISTS `benefit_request`;
/*!40101 SET @saved_cs_client     = @@character_set_client */;
/*!50503 SET character_set_client = utf8mb4 */;
CREATE TABLE `benefit_request` (
  `id` varchar(36) COLLATE utf8mb4_general_ci NOT NULL,
  `createdDate` datetime(6) DEFAULT CURRENT_TIMESTAMP(6),
  `lastModifiedDate` datetime(6) DEFAULT CURRENT_TIMESTAMP(6),
  `name_ar` varchar(255) COLLATE utf8mb4_general_ci NOT NULL,
  `name_en` varchar(255) COLLATE utf8mb4_general_ci DEFAULT NULL,
  `cost` float DEFAULT NULL,
  `benefit_status` enum('PENDING','APPROVED','REFUSED','CANCELLED') COLLATE utf8mb4_general_ci NOT NULL,
  `notes` varchar(255) COLLATE utf8mb4_general_ci DEFAULT NULL,
  `createdById` varchar(36) COLLATE utf8mb4_general_ci DEFAULT NULL,
  `lastModifiedById` varchar(36) COLLATE utf8mb4_general_ci DEFAULT NULL,
  `categoryId` varchar(36) COLLATE utf8mb4_general_ci DEFAULT NULL,
  `hospitalId` varchar(36) COLLATE utf8mb4_general_ci DEFAULT NULL,
  `benefitId` varchar(36) COLLATE utf8mb4_general_ci DEFAULT NULL,
  PRIMARY KEY (`id`),
  KEY `FK_e6ecdbe581666a2a65f21446ec5` (`createdById`),
  KEY `FK_87e29eaa97124af8eabe6cc53cf` (`lastModifiedById`),
  KEY `FK_ffa8b0501eeb6d5401f0230de92` (`categoryId`),
  KEY `FK_2f7c544a3d76eec7962f3c6bc22` (`hospitalId`),
  KEY `FK_e0b23b68ff1f6a3206b1b74df6d` (`benefitId`),
  CONSTRAINT `FK_2f7c544a3d76eec7962f3c6bc22` FOREIGN KEY (`hospitalId`) REFERENCES `hospital` (`id`),
  CONSTRAINT `FK_87e29eaa97124af8eabe6cc53cf` FOREIGN KEY (`lastModifiedById`) REFERENCES `nhi_user` (`id`),
  CONSTRAINT `FK_e0b23b68ff1f6a3206b1b74df6d` FOREIGN KEY (`benefitId`) REFERENCES `benefit` (`id`),
  CONSTRAINT `FK_e6ecdbe581666a2a65f21446ec5` FOREIGN KEY (`createdById`) REFERENCES `nhi_user` (`id`),
  CONSTRAINT `FK_ffa8b0501eeb6d5401f0230de92` FOREIGN KEY (`categoryId`) REFERENCES `category` (`id`)
) ENGINE=InnoDB DEFAULT CHARSET=utf8mb4 COLLATE=utf8mb4_general_ci;
/*!40101 SET character_set_client = @saved_cs_client */;

--
-- Dumping data for table `benefit_request`
--

LOCK TABLES `benefit_request` WRITE;
/*!40000 ALTER TABLE `benefit_request` DISABLE KEYS */;
INSERT INTO `benefit_request` VALUES ('c803d8ed-56b4-41a5-bd5e-a952825d43b2','2021-04-21 15:11:55.026527','2021-04-23 00:59:12.000000','لبن','jgk',100,'APPROVED','تم تعديل المنفعة من20الى 100','c999ce37-a785-460c-9584-c024828c021d','c999ce37-a785-460c-9584-c024828c021d','06f23981-f069-481f-b452-4e60e0b02775','00c2d067-5a47-4a6d-8bc1-a47af7fd4bea','8fb0b040-937e-4396-8c49-9eb7276c3752'),('ce492990-8f77-4ecd-8254-c65b8e10ea52','2021-04-20 23:38:41.978738','2021-04-23 00:59:01.000000','كشف باطنة','proctologist',31,'APPROVED','تم تعديل المنفعة من1الى 31','5525ad06-5571-4bb2-a0b9-4371ddd374e8','5525ad06-5571-4bb2-a0b9-4371ddd374e8','06f23981-f069-481f-b452-4e60e0b02775','00c2d067-5a47-4a6d-8bc1-a47af7fd4bea','3213ebae-7292-45cb-8c2d-bc622f08f206'),('f4f26cc3-c6fb-4a49-afaf-9e4b7d6c28c5','2021-04-20 23:34:55.000076','2021-04-23 00:59:07.000000','كشف عظام','exsams',1,'APPROVED','تم تعديل المنفعة من30الى 1','5525ad06-5571-4bb2-a0b9-4371ddd374e8','c999ce37-a785-460c-9584-c024828c021d','06f23981-f069-481f-b452-4e60e0b02775','00c2d067-5a47-4a6d-8bc1-a47af7fd4bea','22f568ee-0c0c-47f2-bcfa-d064706ee8a5');
/*!40000 ALTER TABLE `benefit_request` ENABLE KEYS */;
UNLOCK TABLES;

--
-- Table structure for table `card`
--

DROP TABLE IF EXISTS `card`;
/*!40101 SET @saved_cs_client     = @@character_set_client */;
/*!50503 SET character_set_client = utf8mb4 */;
CREATE TABLE `card` (
  `id` varchar(36) COLLATE utf8mb4_general_ci NOT NULL,
  `createdDate` datetime(6) DEFAULT CURRENT_TIMESTAMP(6),
  `lastModifiedDate` datetime(6) DEFAULT CURRENT_TIMESTAMP(6),
  `card_no` varchar(255) COLLATE utf8mb4_general_ci DEFAULT NULL,
  `expiry_date` date DEFAULT NULL,
  `is_active` tinyint DEFAULT NULL,
  `createdById` varchar(36) COLLATE utf8mb4_general_ci DEFAULT NULL,
  `lastModifiedById` varchar(36) COLLATE utf8mb4_general_ci DEFAULT NULL,
  `employeeId` varchar(36) COLLATE utf8mb4_general_ci DEFAULT NULL,
  PRIMARY KEY (`id`),
  UNIQUE KEY `IDX_d03fb6b1b9c71c767b75f9d4e2` (`card_no`),
  KEY `FK_68446cde471c6d6f41250320e89` (`createdById`),
  KEY `FK_d812baf93cb63d7b42acd454565` (`lastModifiedById`),
  KEY `FK_c76aab1e85192b7e7db29247548` (`employeeId`),
  CONSTRAINT `FK_68446cde471c6d6f41250320e89` FOREIGN KEY (`createdById`) REFERENCES `nhi_user` (`id`),
  CONSTRAINT `FK_c76aab1e85192b7e7db29247548` FOREIGN KEY (`employeeId`) REFERENCES `employee` (`id`),
  CONSTRAINT `FK_d812baf93cb63d7b42acd454565` FOREIGN KEY (`lastModifiedById`) REFERENCES `nhi_user` (`id`)
) ENGINE=InnoDB DEFAULT CHARSET=utf8mb4 COLLATE=utf8mb4_general_ci;
/*!40101 SET character_set_client = @saved_cs_client */;

--
-- Dumping data for table `card`
--

LOCK TABLES `card` WRITE;
/*!40000 ALTER TABLE `card` DISABLE KEYS */;
INSERT INTO `card` VALUES ('0a378e2a-95fe-4779-8ae5-6fbb1b8ad5ed','2021-04-20 23:56:14.005510','2021-04-20 23:56:14.005510','123456789','2022-04-20',1,'e0395f8f-3740-489a-865f-9a123bc824fe',NULL,NULL),('1c6e69a7-c844-440f-aadc-979431644fb3','2021-04-20 23:58:48.741565','2021-04-22 21:26:15.000000','123456789123','2022-04-20',1,'c999ce37-a785-460c-9584-c024828c021d','c999ce37-a785-460c-9584-c024828c021d','4251e1c2-2ed4-45f7-978f-e90ab2557f3c'),('8807d826-24f3-4b44-b9cf-0c2c75aa35a6','2021-04-20 23:58:10.949550','2021-04-20 23:58:10.949550','123456789321','2021-10-20',1,'e0395f8f-3740-489a-865f-9a123bc824fe',NULL,NULL),('bd3c83a0-76fb-4503-809c-f3e1b612ada8','2021-04-22 00:08:23.346038','2021-04-22 00:08:23.346038','1234567895','2022-04-21',1,'c999ce37-a785-460c-9584-c024828c021d',NULL,'4251e1c2-2ed4-45f7-978f-e90ab2557f3c'),('e615504c-d9ca-46d1-a3c1-8c386b710fa7','2021-04-20 23:59:15.164742','2021-04-20 23:59:15.164742','1234567891','2022-04-20',1,'c999ce37-a785-460c-9584-c024828c021d',NULL,'4251e1c2-2ed4-45f7-978f-e90ab2557f3c');
/*!40000 ALTER TABLE `card` ENABLE KEYS */;
UNLOCK TABLES;

--
-- Table structure for table `card_transaction`
--

DROP TABLE IF EXISTS `card_transaction`;
/*!40101 SET @saved_cs_client     = @@character_set_client */;
/*!50503 SET character_set_client = utf8mb4 */;
CREATE TABLE `card_transaction` (
  `id` varchar(36) COLLATE utf8mb4_general_ci NOT NULL,
  `createdDate` datetime(6) DEFAULT CURRENT_TIMESTAMP(6),
  `lastModifiedDate` datetime(6) DEFAULT CURRENT_TIMESTAMP(6),
  `transaction_no` varchar(255) COLLATE utf8mb4_general_ci DEFAULT NULL,
  `amount` float DEFAULT NULL,
  `points_amount` float DEFAULT NULL,
  `action` enum('PLUS','MINUS') COLLATE utf8mb4_general_ci NOT NULL,
  `notes` varchar(255) COLLATE utf8mb4_general_ci DEFAULT NULL,
  `createdById` varchar(36) COLLATE utf8mb4_general_ci DEFAULT NULL,
  `lastModifiedById` varchar(36) COLLATE utf8mb4_general_ci DEFAULT NULL,
  `cardId` varchar(36) COLLATE utf8mb4_general_ci DEFAULT NULL,
  PRIMARY KEY (`id`),
  KEY `FK_c72c95efa57a7cd386ed7a24463` (`createdById`),
  KEY `FK_c609cebe7fc1121ed487fbce16a` (`lastModifiedById`),
  KEY `FK_71f86de6d615f5290c840444aad` (`cardId`),
  CONSTRAINT `FK_71f86de6d615f5290c840444aad` FOREIGN KEY (`cardId`) REFERENCES `card` (`id`),
  CONSTRAINT `FK_c609cebe7fc1121ed487fbce16a` FOREIGN KEY (`lastModifiedById`) REFERENCES `nhi_user` (`id`),
  CONSTRAINT `FK_c72c95efa57a7cd386ed7a24463` FOREIGN KEY (`createdById`) REFERENCES `nhi_user` (`id`)
) ENGINE=InnoDB DEFAULT CHARSET=utf8mb4 COLLATE=utf8mb4_general_ci;
/*!40101 SET character_set_client = @saved_cs_client */;

--
-- Dumping data for table `card_transaction`
--

LOCK TABLES `card_transaction` WRITE;
/*!40000 ALTER TABLE `card_transaction` DISABLE KEYS */;
INSERT INTO `card_transaction` VALUES ('18a0d85c-a710-4967-895b-ec5d8811adf8','2021-04-21 00:04:25.564929','2021-04-21 00:04:25.564929',NULL,50,NULL,'PLUS',' اضافة في البطاقة بسبب فاتورة مرجعة رقم : RIN-2021-3-9216','5525ad06-5571-4bb2-a0b9-4371ddd374e8',NULL,'1c6e69a7-c844-440f-aadc-979431644fb3'),('2d06213c-8e31-4965-a001-eceb25c134e8','2021-04-21 00:03:23.657619','2021-04-21 00:03:23.657619',NULL,80,NULL,'MINUS','خصم من البطاقة بسبب اصدار فاتورة رقم : IN-2021-3-9473','5525ad06-5571-4bb2-a0b9-4371ddd374e8',NULL,'1c6e69a7-c844-440f-aadc-979431644fb3'),('3c92bb2b-e8c9-4781-8952-df9039a43950','2021-04-20 23:59:44.214277','2021-04-20 23:59:44.214277',NULL,200,NULL,'PLUS','اضافة نقاط الى البطاقة ( شحن البطاقة )','c999ce37-a785-460c-9584-c024828c021d',NULL,'1c6e69a7-c844-440f-aadc-979431644fb3'),('58b7c2f3-9d0f-4c87-81c4-cf6c35ad6621','2021-04-26 22:01:44.748521','2021-04-26 22:01:44.748521',NULL,31,NULL,'MINUS','خصم من البطاقة بسبب اصدار فاتورة رقم : IN-2021-3-4053','5525ad06-5571-4bb2-a0b9-4371ddd374e8',NULL,'1c6e69a7-c844-440f-aadc-979431644fb3'),('5b26eb52-7d92-423a-8d0b-55109dd3e9c9','2021-04-21 23:57:13.848251','2021-04-21 23:57:13.848251',NULL,5,NULL,'MINUS','خصم من البطاقة بسبب اصدار فاتورة رقم : IN-2021-3-9496','5525ad06-5571-4bb2-a0b9-4371ddd374e8',NULL,'1c6e69a7-c844-440f-aadc-979431644fb3'),('663b3c51-4a74-43c3-bb9f-7f321a2e6cbe','2021-04-21 23:22:40.400046','2021-04-21 23:22:40.400046',NULL,10,NULL,'PLUS','اضافة نقاط الى البطاقة ( شحن البطاقة )','c999ce37-a785-460c-9584-c024828c021d',NULL,'1c6e69a7-c844-440f-aadc-979431644fb3'),('87134264-be7b-4394-8082-1ccc9bca4d69','2021-04-21 01:13:34.048847','2021-04-21 01:13:34.048847',NULL,410,NULL,'MINUS','خصم من البطاقة بسبب اصدار فاتورة رقم : IN-2021-3-9841','5525ad06-5571-4bb2-a0b9-4371ddd374e8',NULL,'1c6e69a7-c844-440f-aadc-979431644fb3'),('8f96b80a-605f-49e5-9c6b-ad270ff08c0d','2021-04-21 00:56:06.807346','2021-04-21 00:56:06.807346',NULL,180,NULL,'PLUS','اضافة نقاط الى البطاقة ( شحن البطاقة )','c999ce37-a785-460c-9584-c024828c021d',NULL,'1c6e69a7-c844-440f-aadc-979431644fb3'),('976e5d3b-16eb-49d4-85e9-495ff84bd507','2021-04-21 00:58:15.449789','2021-04-21 00:58:15.449789',NULL,100,NULL,'PLUS','اضافة نقاط الى البطاقة ( شحن البطاقة )','e0395f8f-3740-489a-865f-9a123bc824fe',NULL,'1c6e69a7-c844-440f-aadc-979431644fb3'),('9e0dff21-9b46-46bb-9880-5b0b4dfe235a','2021-04-24 22:15:13.221485','2021-04-24 22:15:13.221485',NULL,132,NULL,'MINUS','خصم من البطاقة بسبب اصدار فاتورة رقم : IN-2021-3-7153','5525ad06-5571-4bb2-a0b9-4371ddd374e8',NULL,'1c6e69a7-c844-440f-aadc-979431644fb3'),('a45e38fe-73b2-45c3-bcb8-34c10a5f92bf','2021-04-25 22:16:29.283019','2021-04-25 22:16:29.283019',NULL,31,NULL,'MINUS','خصم من البطاقة بسبب اصدار فاتورة رقم : IN-2021-3-5149','5525ad06-5571-4bb2-a0b9-4371ddd374e8',NULL,'1c6e69a7-c844-440f-aadc-979431644fb3'),('b0099634-82f7-48f9-be87-e455a37c26cf','2021-04-22 21:28:32.399436','2021-04-22 21:28:32.399436',NULL,124,NULL,'PLUS','فاتورة رقم :IN-2021-3-8879تم الغائها','5525ad06-5571-4bb2-a0b9-4371ddd374e8',NULL,'1c6e69a7-c844-440f-aadc-979431644fb3'),('b4987299-706e-4554-97c9-ccc15c62d115','2021-04-22 21:26:23.231872','2021-04-22 21:26:23.231872',NULL,1001,NULL,'PLUS','اضافة نقاط الى البطاقة ( شحن البطاقة )','c999ce37-a785-460c-9584-c024828c021d',NULL,'1c6e69a7-c844-440f-aadc-979431644fb3'),('b8d6356e-3d97-4426-a2cd-f3dc023f5dc7','2021-04-21 23:53:11.031832','2021-04-21 23:53:11.031832',NULL,31,NULL,'MINUS','خصم من البطاقة بسبب اصدار فاتورة رقم : IN-2021-3-7804','5525ad06-5571-4bb2-a0b9-4371ddd374e8',NULL,'1c6e69a7-c844-440f-aadc-979431644fb3'),('c8afd3f1-63d4-4aa4-8dbc-7f71167c8e09','2021-04-27 23:33:19.618396','2021-04-27 23:33:19.618396',NULL,31,NULL,'MINUS','خصم من البطاقة بسبب اصدار فاتورة رقم : IN-2021-3-8381','5525ad06-5571-4bb2-a0b9-4371ddd374e8',NULL,'1c6e69a7-c844-440f-aadc-979431644fb3'),('f9556af1-bf3f-4d4f-87f2-d0c7612266bd','2021-04-22 21:28:04.836473','2021-04-22 21:28:04.836473',NULL,124,NULL,'MINUS','خصم من البطاقة بسبب اصدار فاتورة رقم : IN-2021-3-8879','5525ad06-5571-4bb2-a0b9-4371ddd374e8',NULL,'1c6e69a7-c844-440f-aadc-979431644fb3');
/*!40000 ALTER TABLE `card_transaction` ENABLE KEYS */;
UNLOCK TABLES;

--
-- Table structure for table `category`
--

DROP TABLE IF EXISTS `category`;
/*!40101 SET @saved_cs_client     = @@character_set_client */;
/*!50503 SET character_set_client = utf8mb4 */;
CREATE TABLE `category` (
  `id` varchar(36) COLLATE utf8mb4_general_ci NOT NULL,
  `createdDate` datetime(6) DEFAULT CURRENT_TIMESTAMP(6),
  `lastModifiedDate` datetime(6) DEFAULT CURRENT_TIMESTAMP(6),
  `name_ar` varchar(255) COLLATE utf8mb4_general_ci NOT NULL,
  `name_en` varchar(255) COLLATE utf8mb4_general_ci DEFAULT NULL,
  `createdById` varchar(36) COLLATE utf8mb4_general_ci DEFAULT NULL,
  `lastModifiedById` varchar(36) COLLATE utf8mb4_general_ci DEFAULT NULL,
  PRIMARY KEY (`id`),
  KEY `FK_50c69cdc9b3e7494784a2fa2db4` (`createdById`),
  KEY `FK_a159579fae7399db0055d0385ea` (`lastModifiedById`),
  CONSTRAINT `FK_50c69cdc9b3e7494784a2fa2db4` FOREIGN KEY (`createdById`) REFERENCES `nhi_user` (`id`),
  CONSTRAINT `FK_a159579fae7399db0055d0385ea` FOREIGN KEY (`lastModifiedById`) REFERENCES `nhi_user` (`id`)
) ENGINE=InnoDB DEFAULT CHARSET=utf8mb4 COLLATE=utf8mb4_general_ci;
/*!40101 SET character_set_client = @saved_cs_client */;

--
-- Dumping data for table `category`
--

LOCK TABLES `category` WRITE;
/*!40000 ALTER TABLE `category` DISABLE KEYS */;
INSERT INTO `category` VALUES ('06f23981-f069-481f-b452-4e60e0b02775','2021-04-20 23:25:49.779608','2021-04-20 23:25:49.779608','العيادات الخارجية','external clinks',NULL,NULL);
/*!40000 ALTER TABLE `category` ENABLE KEYS */;
UNLOCK TABLES;

--
-- Table structure for table `company`
--

DROP TABLE IF EXISTS `company`;
/*!40101 SET @saved_cs_client     = @@character_set_client */;
/*!50503 SET character_set_client = utf8mb4 */;
CREATE TABLE `company` (
  `id` varchar(36) COLLATE utf8mb4_general_ci NOT NULL,
  `createdDate` datetime(6) DEFAULT CURRENT_TIMESTAMP(6),
  `lastModifiedDate` datetime(6) DEFAULT CURRENT_TIMESTAMP(6),
  `name_ar` varchar(255) COLLATE utf8mb4_general_ci NOT NULL,
  `name_en` varchar(255) COLLATE utf8mb4_general_ci NOT NULL,
  `email` varchar(255) COLLATE utf8mb4_general_ci NOT NULL,
  `phone` varchar(255) COLLATE utf8mb4_general_ci NOT NULL,
  `address` varchar(255) COLLATE utf8mb4_general_ci DEFAULT NULL,
  `city` varchar(255) COLLATE utf8mb4_general_ci DEFAULT NULL,
  `lat` varchar(255) COLLATE utf8mb4_general_ci DEFAULT NULL,
  `lng` varchar(255) COLLATE utf8mb4_general_ci DEFAULT NULL,
  `active` tinyint NOT NULL DEFAULT '1',
  `activity_type` varchar(255) COLLATE utf8mb4_general_ci DEFAULT NULL,
  `jurisdiction` varchar(255) COLLATE utf8mb4_general_ci DEFAULT NULL,
  `discount` float DEFAULT '0',
  `fixed_discount` tinyint DEFAULT '1',
  `phone_second` varchar(255) COLLATE utf8mb4_general_ci DEFAULT NULL,
  `phone_third` varchar(255) COLLATE utf8mb4_general_ci DEFAULT NULL,
  `createdById` varchar(36) COLLATE utf8mb4_general_ci DEFAULT NULL,
  `lastModifiedById` varchar(36) COLLATE utf8mb4_general_ci DEFAULT NULL,
  PRIMARY KEY (`id`),
  UNIQUE KEY `IDX_7c3fbf01d411f70d88a5051b6f` (`name_ar`),
  UNIQUE KEY `IDX_802e1b40d0d1da0baf9ea28d2f` (`name_en`),
  UNIQUE KEY `IDX_b0fc567cf51b1cf717a9e8046a` (`email`),
  UNIQUE KEY `IDX_e53ef0697f9d5d933fa075be1c` (`phone`),
  KEY `FK_865ba8d77c1cb1478bf7e59c750` (`createdById`),
  KEY `FK_c142ac5b83b0cd73158abac43dd` (`lastModifiedById`),
  CONSTRAINT `FK_865ba8d77c1cb1478bf7e59c750` FOREIGN KEY (`createdById`) REFERENCES `nhi_user` (`id`),
  CONSTRAINT `FK_c142ac5b83b0cd73158abac43dd` FOREIGN KEY (`lastModifiedById`) REFERENCES `nhi_user` (`id`)
) ENGINE=InnoDB DEFAULT CHARSET=utf8mb4 COLLATE=utf8mb4_general_ci;
/*!40101 SET character_set_client = @saved_cs_client */;

--
-- Dumping data for table `company`
--

LOCK TABLES `company` WRITE;
/*!40000 ALTER TABLE `company` DISABLE KEYS */;
INSERT INTO `company` VALUES ('aeb1915e-5685-4f9b-903d-15e42f109e11','2021-04-20 23:20:58.369263','2021-04-21 01:04:11.000000','الشركة الليبية للنفط','Libyan company of oil','info@lco.com.ly','+218920000001','سوق الجمعة','طرابلس','123456','12345',0,NULL,'شركة خاصة بالتنقيب عن النفط',0,1,'+218920000002','+218920000003','c999ce37-a785-460c-9584-c024828c021d','c999ce37-a785-460c-9584-c024828c021d');
/*!40000 ALTER TABLE `company` ENABLE KEYS */;
UNLOCK TABLES;

--
-- Table structure for table `company_user`
--

DROP TABLE IF EXISTS `company_user`;
/*!40101 SET @saved_cs_client     = @@character_set_client */;
/*!50503 SET character_set_client = utf8mb4 */;
CREATE TABLE `company_user` (
  `company_id` varchar(36) COLLATE utf8mb4_general_ci NOT NULL,
  `user_id` varchar(36) COLLATE utf8mb4_general_ci NOT NULL,
  PRIMARY KEY (`company_id`,`user_id`),
  KEY `IDX_10335130936e37b70e2e35f2f7` (`company_id`),
  KEY `IDX_7368a8438ae617a2f8318f3a20` (`user_id`),
  CONSTRAINT `FK_10335130936e37b70e2e35f2f74` FOREIGN KEY (`company_id`) REFERENCES `company` (`id`) ON DELETE CASCADE,
  CONSTRAINT `FK_7368a8438ae617a2f8318f3a202` FOREIGN KEY (`user_id`) REFERENCES `nhi_user` (`id`) ON DELETE CASCADE
) ENGINE=InnoDB DEFAULT CHARSET=utf8mb4 COLLATE=utf8mb4_general_ci;
/*!40101 SET character_set_client = @saved_cs_client */;

--
-- Dumping data for table `company_user`
--

LOCK TABLES `company_user` WRITE;
/*!40000 ALTER TABLE `company_user` DISABLE KEYS */;
INSERT INTO `company_user` VALUES ('aeb1915e-5685-4f9b-903d-15e42f109e11','e0395f8f-3740-489a-865f-9a123bc824fe');
/*!40000 ALTER TABLE `company_user` ENABLE KEYS */;
UNLOCK TABLES;

--
-- Table structure for table `employee`
--

DROP TABLE IF EXISTS `employee`;
/*!40101 SET @saved_cs_client     = @@character_set_client */;
/*!50503 SET character_set_client = utf8mb4 */;
CREATE TABLE `employee` (
  `id` varchar(36) COLLATE utf8mb4_general_ci NOT NULL,
  `createdDate` datetime(6) DEFAULT CURRENT_TIMESTAMP(6),
  `lastModifiedDate` datetime(6) DEFAULT CURRENT_TIMESTAMP(6),
  `name` varchar(255) COLLATE utf8mb4_general_ci NOT NULL,
  `phone` varchar(255) COLLATE utf8mb4_general_ci NOT NULL,
  `identity_no` varchar(255) COLLATE utf8mb4_general_ci NOT NULL,
  `employee_status` enum('PENDING','APPROVED','REFUSED','CANCELLED') COLLATE utf8mb4_general_ci NOT NULL,
  `notes` varchar(255) COLLATE utf8mb4_general_ci DEFAULT NULL,
  `createdById` varchar(36) COLLATE utf8mb4_general_ci DEFAULT NULL,
  `lastModifiedById` varchar(36) COLLATE utf8mb4_general_ci DEFAULT NULL,
  `companyId` varchar(36) COLLATE utf8mb4_general_ci DEFAULT NULL,
  PRIMARY KEY (`id`),
  UNIQUE KEY `IDX_e97a7f3c48c04b54ffc24e5fc7` (`name`),
  UNIQUE KEY `IDX_81afb288b526f7e8fed0e4200c` (`phone`),
  UNIQUE KEY `IDX_5695064f1e88de4e4966d143a0` (`identity_no`),
  KEY `FK_7b0acac061179bb6e5c53b4005f` (`createdById`),
  KEY `FK_3334bf9028c8d3a57fe5d07fb9a` (`lastModifiedById`),
  KEY `FK_26c3d513e0832e5abbbdd3d2a88` (`companyId`),
  CONSTRAINT `FK_26c3d513e0832e5abbbdd3d2a88` FOREIGN KEY (`companyId`) REFERENCES `company` (`id`),
  CONSTRAINT `FK_3334bf9028c8d3a57fe5d07fb9a` FOREIGN KEY (`lastModifiedById`) REFERENCES `nhi_user` (`id`),
  CONSTRAINT `FK_7b0acac061179bb6e5c53b4005f` FOREIGN KEY (`createdById`) REFERENCES `nhi_user` (`id`)
) ENGINE=InnoDB DEFAULT CHARSET=utf8mb4 COLLATE=utf8mb4_general_ci;
/*!40101 SET character_set_client = @saved_cs_client */;

--
-- Dumping data for table `employee`
--

LOCK TABLES `employee` WRITE;
/*!40000 ALTER TABLE `employee` DISABLE KEYS */;
INSERT INTO `employee` VALUES ('4251e1c2-2ed4-45f7-978f-e90ab2557f3c','2021-04-20 23:47:48.589275','2021-04-20 23:47:48.589275','منذر علي عاشور الغراري','2180000187','123456789111','PENDING','تجريب','e0395f8f-3740-489a-865f-9a123bc824fe',NULL,'aeb1915e-5685-4f9b-903d-15e42f109e11'),('48132370-eb48-4748-a469-a8c1251a63d1','2021-04-22 21:31:49.738558','2021-04-22 21:31:49.738558','محمد الشائبي','1234567891','11111111111111111111111111111111111111111111111111111111111111111111111111111111111111','PENDING','قلب - عظام - اسنان-ربسيبسيبرسيرسيرسير-سيرسيرسيررسير','c999ce37-a785-460c-9584-c024828c021d',NULL,'aeb1915e-5685-4f9b-903d-15e42f109e11');
/*!40000 ALTER TABLE `employee` ENABLE KEYS */;
UNLOCK TABLES;

--
-- Table structure for table `hospital`
--

DROP TABLE IF EXISTS `hospital`;
/*!40101 SET @saved_cs_client     = @@character_set_client */;
/*!50503 SET character_set_client = utf8mb4 */;
CREATE TABLE `hospital` (
  `id` varchar(36) COLLATE utf8mb4_general_ci NOT NULL,
  `createdDate` datetime(6) DEFAULT CURRENT_TIMESTAMP(6),
  `lastModifiedDate` datetime(6) DEFAULT CURRENT_TIMESTAMP(6),
  `name_ar` varchar(255) COLLATE utf8mb4_general_ci NOT NULL,
  `name_en` varchar(255) COLLATE utf8mb4_general_ci NOT NULL,
  `email` varchar(255) COLLATE utf8mb4_general_ci NOT NULL,
  `phone` varchar(255) COLLATE utf8mb4_general_ci NOT NULL,
  `active` tinyint NOT NULL DEFAULT '1',
  `city` varchar(255) COLLATE utf8mb4_general_ci DEFAULT NULL,
  `address` varchar(255) COLLATE utf8mb4_general_ci DEFAULT NULL,
  `lat` varchar(255) COLLATE utf8mb4_general_ci DEFAULT NULL,
  `lng` varchar(255) COLLATE utf8mb4_general_ci DEFAULT NULL,
  `phoneSecond` varchar(255) COLLATE utf8mb4_general_ci NOT NULL,
  `phoneThird` varchar(255) COLLATE utf8mb4_general_ci NOT NULL,
  `type` varchar(255) COLLATE utf8mb4_general_ci DEFAULT NULL,
  `notes` varchar(255) COLLATE utf8mb4_general_ci DEFAULT NULL,
  `createdById` varchar(36) COLLATE utf8mb4_general_ci DEFAULT NULL,
  `lastModifiedById` varchar(36) COLLATE utf8mb4_general_ci DEFAULT NULL,
  PRIMARY KEY (`id`),
  UNIQUE KEY `IDX_92617f2e83c7e21a207e7bac6d` (`name_ar`),
  UNIQUE KEY `IDX_b436df87a59e70c9e30a4bc20e` (`name_en`),
  UNIQUE KEY `IDX_4644586801989134e9a0939f63` (`email`),
  UNIQUE KEY `IDX_fcf217f471a237d93d397a638d` (`phone`),
  UNIQUE KEY `IDX_fc6a027a2597cf41ff0fce63c7` (`phoneSecond`),
  UNIQUE KEY `IDX_f3b257ec69c5805506f2364837` (`phoneThird`),
  KEY `FK_929ea79b83ff9082d006180c269` (`createdById`),
  KEY `FK_3966059bd33abf2923268178a55` (`lastModifiedById`),
  CONSTRAINT `FK_3966059bd33abf2923268178a55` FOREIGN KEY (`lastModifiedById`) REFERENCES `nhi_user` (`id`),
  CONSTRAINT `FK_929ea79b83ff9082d006180c269` FOREIGN KEY (`createdById`) REFERENCES `nhi_user` (`id`)
) ENGINE=InnoDB DEFAULT CHARSET=utf8mb4 COLLATE=utf8mb4_general_ci;
/*!40101 SET character_set_client = @saved_cs_client */;

--
-- Dumping data for table `hospital`
--

LOCK TABLES `hospital` WRITE;
/*!40000 ALTER TABLE `hospital` DISABLE KEYS */;
INSERT INTO `hospital` VALUES ('00c2d067-5a47-4a6d-8bc1-a47af7fd4bea','2021-04-20 23:23:20.289088','2021-04-20 23:23:20.289000','مصحة الجسر','AL JASSER','info@aljsser.com.ly','+218920000010',1,'طرابلس','سوق الجمعة - الحشان','54321','12345','+218920000011','+218920000012','المصحات','قلب - عظام - اسنان','c999ce37-a785-460c-9584-c024828c021d','c999ce37-a785-460c-9584-c024828c021d'),('a03b59c3-58ba-45dd-83c8-ac917f15b2d2','2021-04-21 00:44:57.411477','2021-04-21 00:44:57.411477','مصحة الفؤاد','al foad','info@soror.ly','+218920000020',1,'طرابلس','سوق الجمعة - 11 يونيو ( 20 رمضان )','3221','12345','+218920000021','+218920000022','المصحات','قلب - عيون - اسنان','c999ce37-a785-460c-9584-c024828c021d',NULL);
/*!40000 ALTER TABLE `hospital` ENABLE KEYS */;
UNLOCK TABLES;

--
-- Table structure for table `hospital_user`
--

DROP TABLE IF EXISTS `hospital_user`;
/*!40101 SET @saved_cs_client     = @@character_set_client */;
/*!50503 SET character_set_client = utf8mb4 */;
CREATE TABLE `hospital_user` (
  `hospital_id` varchar(36) COLLATE utf8mb4_general_ci NOT NULL,
  `user_id` varchar(36) COLLATE utf8mb4_general_ci NOT NULL,
  PRIMARY KEY (`hospital_id`,`user_id`),
  KEY `IDX_88e68e18a57eb5158fceff4fb0` (`hospital_id`),
  KEY `IDX_1ca0c449c427abeaefb5a81af6` (`user_id`),
  CONSTRAINT `FK_1ca0c449c427abeaefb5a81af61` FOREIGN KEY (`user_id`) REFERENCES `nhi_user` (`id`) ON DELETE CASCADE,
  CONSTRAINT `FK_88e68e18a57eb5158fceff4fb09` FOREIGN KEY (`hospital_id`) REFERENCES `hospital` (`id`) ON DELETE CASCADE
) ENGINE=InnoDB DEFAULT CHARSET=utf8mb4 COLLATE=utf8mb4_general_ci;
/*!40101 SET character_set_client = @saved_cs_client */;

--
-- Dumping data for table `hospital_user`
--

LOCK TABLES `hospital_user` WRITE;
/*!40000 ALTER TABLE `hospital_user` DISABLE KEYS */;
INSERT INTO `hospital_user` VALUES ('00c2d067-5a47-4a6d-8bc1-a47af7fd4bea','5525ad06-5571-4bb2-a0b9-4371ddd374e8'),('a03b59c3-58ba-45dd-83c8-ac917f15b2d2','fb306838-7089-42d4-831a-088d63945192');
/*!40000 ALTER TABLE `hospital_user` ENABLE KEYS */;
UNLOCK TABLES;

--
-- Table structure for table `invoice`
--

DROP TABLE IF EXISTS `invoice`;
/*!40101 SET @saved_cs_client     = @@character_set_client */;
/*!50503 SET character_set_client = utf8mb4 */;
CREATE TABLE `invoice` (
  `id` varchar(36) COLLATE utf8mb4_general_ci NOT NULL,
  `createdDate` datetime(6) DEFAULT CURRENT_TIMESTAMP(6),
  `lastModifiedDate` datetime(6) DEFAULT CURRENT_TIMESTAMP(6),
  `invoice_no` varchar(255) COLLATE utf8mb4_general_ci DEFAULT NULL,
  `invoice_date` date DEFAULT NULL,
  `pay_date` date DEFAULT NULL,
  `total` float DEFAULT NULL,
  `totalPoints` float DEFAULT NULL,
  `invoice_status` enum('APPROVED','CANCELLED','RETURNED') COLLATE utf8mb4_general_ci NOT NULL,
  `notes` varchar(255) COLLATE utf8mb4_general_ci DEFAULT NULL,
  `createdById` varchar(36) COLLATE utf8mb4_general_ci DEFAULT NULL,
  `lastModifiedById` varchar(36) COLLATE utf8mb4_general_ci DEFAULT NULL,
  `mainInvoiceId` varchar(36) COLLATE utf8mb4_general_ci DEFAULT NULL,
  `cardTransactionId` varchar(36) COLLATE utf8mb4_general_ci DEFAULT NULL,
  `hospitalId` varchar(36) COLLATE utf8mb4_general_ci DEFAULT NULL,
  PRIMARY KEY (`id`),
  UNIQUE KEY `REL_d36664fd0ba7f0459d82e29184` (`cardTransactionId`),
  KEY `FK_4bcf3dbe297a9bafbadec5a801e` (`createdById`),
  KEY `FK_72def6bfcfa382c7ccd14d3a56a` (`lastModifiedById`),
  KEY `FK_727b654fdf31ca995a738c83887` (`mainInvoiceId`),
  KEY `FK_786aa0f3fd6c92055b365b22413` (`hospitalId`),
  CONSTRAINT `FK_4bcf3dbe297a9bafbadec5a801e` FOREIGN KEY (`createdById`) REFERENCES `nhi_user` (`id`),
  CONSTRAINT `FK_727b654fdf31ca995a738c83887` FOREIGN KEY (`mainInvoiceId`) REFERENCES `invoice` (`id`),
  CONSTRAINT `FK_72def6bfcfa382c7ccd14d3a56a` FOREIGN KEY (`lastModifiedById`) REFERENCES `nhi_user` (`id`),
  CONSTRAINT `FK_786aa0f3fd6c92055b365b22413` FOREIGN KEY (`hospitalId`) REFERENCES `hospital` (`id`),
  CONSTRAINT `FK_d36664fd0ba7f0459d82e291848` FOREIGN KEY (`cardTransactionId`) REFERENCES `card_transaction` (`id`)
) ENGINE=InnoDB DEFAULT CHARSET=utf8mb4 COLLATE=utf8mb4_general_ci;
/*!40101 SET character_set_client = @saved_cs_client */;

--
-- Dumping data for table `invoice`
--

LOCK TABLES `invoice` WRITE;
/*!40000 ALTER TABLE `invoice` DISABLE KEYS */;
INSERT INTO `invoice` VALUES ('4c5a6043-4bca-4934-bcc5-263b9bb2d28c','2021-04-21 23:57:13.886257','2021-04-21 23:57:13.886257','IN-2021-3-9496','2021-04-21','2021-04-21',5,NULL,'APPROVED','فاتورة صادرة رقم الفاتورة : IN-2021-3-9496','5525ad06-5571-4bb2-a0b9-4371ddd374e8',NULL,NULL,'5b26eb52-7d92-423a-8d0b-55109dd3e9c9','00c2d067-5a47-4a6d-8bc1-a47af7fd4bea'),('711e6a6e-3ea2-48b0-ac64-312edd79e6f3','2021-04-26 22:01:44.827770','2021-04-26 22:01:44.827770','IN-2021-3-4053','2021-04-26','2021-04-26',31,NULL,'APPROVED','فاتورة صادرة رقم الفاتورة : IN-2021-3-4053','5525ad06-5571-4bb2-a0b9-4371ddd374e8',NULL,NULL,'58b7c2f3-9d0f-4c87-81c4-cf6c35ad6621','00c2d067-5a47-4a6d-8bc1-a47af7fd4bea'),('71c3a845-d2c2-42a9-8e5c-8abf4236da9f','2021-04-21 23:53:11.066194','2021-04-21 23:53:11.066194','IN-2021-3-7804','2021-04-21','2021-04-21',31,NULL,'APPROVED','فاتورة صادرة رقم الفاتورة : IN-2021-3-7804','5525ad06-5571-4bb2-a0b9-4371ddd374e8',NULL,NULL,'b8d6356e-3d97-4426-a2cd-f3dc023f5dc7','00c2d067-5a47-4a6d-8bc1-a47af7fd4bea'),('74f6e2d5-b9bd-49c6-a379-6685c8176502','2021-04-21 01:13:34.078916','2021-04-21 01:13:34.078916','IN-2021-3-9841','2021-04-20','2021-04-20',410,NULL,'APPROVED','فاتورة صادرة رقم الفاتورة : IN-2021-3-9841','5525ad06-5571-4bb2-a0b9-4371ddd374e8',NULL,NULL,'87134264-be7b-4394-8082-1ccc9bca4d69','00c2d067-5a47-4a6d-8bc1-a47af7fd4bea'),('81886b00-c4a1-4caf-a725-47cb1a02a727','2021-04-27 23:33:19.717191','2021-04-27 23:33:19.717191','IN-2021-3-8381','2021-04-27','2021-04-27',31,NULL,'APPROVED','فاتورة صادرة رقم الفاتورة : IN-2021-3-8381','5525ad06-5571-4bb2-a0b9-4371ddd374e8',NULL,NULL,'c8afd3f1-63d4-4aa4-8dbc-7f71167c8e09','00c2d067-5a47-4a6d-8bc1-a47af7fd4bea'),('81d0a115-efd4-480f-8ee0-27af5865dece','2021-04-22 21:28:05.004209','2021-04-22 21:28:32.000000','IN-2021-3-8879','2021-04-22','2021-04-22',124,NULL,'CANCELLED','فاتورة رقم :IN-2021-3-8879تم الغائها','5525ad06-5571-4bb2-a0b9-4371ddd374e8',NULL,NULL,'f9556af1-bf3f-4d4f-87f2-d0c7612266bd','00c2d067-5a47-4a6d-8bc1-a47af7fd4bea'),('9d181ef1-f2e1-47df-b3bd-c1fae3dd1aa5','2021-04-21 00:03:23.677083','2021-04-21 00:03:23.677083','IN-2021-3-9473','2021-04-20','2021-04-20',80,NULL,'APPROVED','فاتورة صادرة رقم الفاتورة : IN-2021-3-9473','5525ad06-5571-4bb2-a0b9-4371ddd374e8',NULL,NULL,'2d06213c-8e31-4965-a001-eceb25c134e8','00c2d067-5a47-4a6d-8bc1-a47af7fd4bea'),('aa154cc4-e167-46f9-a5f3-401ea0c5fe25','2021-04-24 22:15:13.309597','2021-04-24 22:15:13.309597','IN-2021-3-7153','2021-04-24','2021-04-24',132,NULL,'APPROVED','فاتورة صادرة رقم الفاتورة : IN-2021-3-7153','5525ad06-5571-4bb2-a0b9-4371ddd374e8',NULL,NULL,'9e0dff21-9b46-46bb-9880-5b0b4dfe235a','00c2d067-5a47-4a6d-8bc1-a47af7fd4bea'),('d5bfafbf-9dcb-4f65-9adb-f066a9447d36','2021-04-21 00:04:25.589537','2021-04-21 00:04:25.589537','RIN-2021-3-9216','2021-04-20','2021-04-20',50,NULL,'RETURNED','فاتورة مرجعة من الفاتورة رقم RIN-2021-3-9216','5525ad06-5571-4bb2-a0b9-4371ddd374e8',NULL,'9d181ef1-f2e1-47df-b3bd-c1fae3dd1aa5','18a0d85c-a710-4967-895b-ec5d8811adf8','00c2d067-5a47-4a6d-8bc1-a47af7fd4bea'),('dd7678a1-5920-4b44-acfd-187ce6cdb17e','2021-04-25 22:16:29.392086','2021-04-25 22:16:29.392086','IN-2021-3-5149','2021-04-25','2021-04-25',31,NULL,'APPROVED','فاتورة صادرة رقم الفاتورة : IN-2021-3-5149','5525ad06-5571-4bb2-a0b9-4371ddd374e8',NULL,NULL,'a45e38fe-73b2-45c3-bcb8-34c10a5f92bf','00c2d067-5a47-4a6d-8bc1-a47af7fd4bea');
/*!40000 ALTER TABLE `invoice` ENABLE KEYS */;
UNLOCK TABLES;

--
-- Table structure for table `invoice_benefits`
--

DROP TABLE IF EXISTS `invoice_benefits`;
/*!40101 SET @saved_cs_client     = @@character_set_client */;
/*!50503 SET character_set_client = utf8mb4 */;
CREATE TABLE `invoice_benefits` (
  `id` varchar(36) COLLATE utf8mb4_general_ci NOT NULL,
  `createdDate` datetime(6) DEFAULT CURRENT_TIMESTAMP(6),
  `lastModifiedDate` datetime(6) DEFAULT CURRENT_TIMESTAMP(6),
  `points_cost` float DEFAULT NULL,
  `cost` float DEFAULT NULL,
  `quantity` int DEFAULT NULL,
  `total` float DEFAULT NULL,
  `createdById` varchar(36) COLLATE utf8mb4_general_ci DEFAULT NULL,
  `lastModifiedById` varchar(36) COLLATE utf8mb4_general_ci DEFAULT NULL,
  `benefitId` varchar(36) COLLATE utf8mb4_general_ci DEFAULT NULL,
  `invoiceId` varchar(36) COLLATE utf8mb4_general_ci DEFAULT NULL,
  PRIMARY KEY (`id`),
  KEY `FK_b5a4bc972a8408bf4ef4e912e04` (`createdById`),
  KEY `FK_b11d1d4b7435abc9dea24aa2af9` (`lastModifiedById`),
  KEY `FK_1374b32b486a2244f442eb9a825` (`benefitId`),
  KEY `FK_f71b4da8ed507dfa3ec845f0982` (`invoiceId`),
  CONSTRAINT `FK_1374b32b486a2244f442eb9a825` FOREIGN KEY (`benefitId`) REFERENCES `benefit` (`id`),
  CONSTRAINT `FK_b11d1d4b7435abc9dea24aa2af9` FOREIGN KEY (`lastModifiedById`) REFERENCES `nhi_user` (`id`),
  CONSTRAINT `FK_b5a4bc972a8408bf4ef4e912e04` FOREIGN KEY (`createdById`) REFERENCES `nhi_user` (`id`),
  CONSTRAINT `FK_f71b4da8ed507dfa3ec845f0982` FOREIGN KEY (`invoiceId`) REFERENCES `invoice` (`id`)
) ENGINE=InnoDB DEFAULT CHARSET=utf8mb4 COLLATE=utf8mb4_general_ci;
/*!40101 SET character_set_client = @saved_cs_client */;

--
-- Dumping data for table `invoice_benefits`
--

LOCK TABLES `invoice_benefits` WRITE;
/*!40000 ALTER TABLE `invoice_benefits` DISABLE KEYS */;
INSERT INTO `invoice_benefits` VALUES ('0e2fde6f-5058-43df-b53e-adb9dc9a90df','2021-04-21 00:04:25.631269','2021-04-21 00:04:25.631269',NULL,50,1,50,NULL,NULL,'3213ebae-7292-45cb-8c2d-bc622f08f206','d5bfafbf-9dcb-4f65-9adb-f066a9447d36'),('0f3f11af-263b-49f4-9a1a-abd792d4121c','2021-04-21 01:13:34.097843','2021-04-21 01:13:34.097843',NULL,80,4,320,NULL,NULL,'3213ebae-7292-45cb-8c2d-bc622f08f206','74f6e2d5-b9bd-49c6-a379-6685c8176502'),('14c3cd96-9844-48dc-8924-dccb4a5446b9','2021-04-21 23:57:13.932651','2021-04-21 23:57:13.932651',NULL,1,5,5,NULL,NULL,'22f568ee-0c0c-47f2-bcfa-d064706ee8a5','4c5a6043-4bca-4934-bcc5-263b9bb2d28c'),('1fef921c-ea2c-4370-9359-95291909995e','2021-04-26 22:01:44.855589','2021-04-26 22:01:44.855589',NULL,31,1,31,NULL,NULL,'3213ebae-7292-45cb-8c2d-bc622f08f206','711e6a6e-3ea2-48b0-ac64-312edd79e6f3'),('4c4105db-2771-4fd4-8814-4cc44573841f','2021-04-21 23:53:11.091724','2021-04-21 23:53:11.091724',NULL,31,1,31,NULL,NULL,'3213ebae-7292-45cb-8c2d-bc622f08f206','71c3a845-d2c2-42a9-8e5c-8abf4236da9f'),('4f1a23fb-35a9-44ca-a8f9-67f66a62522e','2021-04-27 23:33:19.758942','2021-04-27 23:33:19.758942',NULL,31,1,31,NULL,NULL,'3213ebae-7292-45cb-8c2d-bc622f08f206','81886b00-c4a1-4caf-a725-47cb1a02a727'),('6bbcd05e-1c86-4da4-aac0-4488375ddc3c','2021-04-21 00:03:23.722773','2021-04-21 00:03:23.722773',NULL,30,1,30,NULL,NULL,'22f568ee-0c0c-47f2-bcfa-d064706ee8a5','9d181ef1-f2e1-47df-b3bd-c1fae3dd1aa5'),('7ac3ebb5-1b4c-4705-8c66-4377462ac6ca','2021-04-24 22:15:13.346562','2021-04-24 22:15:13.346562',NULL,31,1,31,NULL,NULL,'3213ebae-7292-45cb-8c2d-bc622f08f206','aa154cc4-e167-46f9-a5f3-401ea0c5fe25'),('8b5a2929-d456-4880-abb0-7199d52717bc','2021-04-21 01:13:34.119330','2021-04-21 01:13:34.119330',NULL,30,3,90,NULL,NULL,'22f568ee-0c0c-47f2-bcfa-d064706ee8a5','74f6e2d5-b9bd-49c6-a379-6685c8176502'),('97139229-782e-4696-b8e2-b6fbd2d58004','2021-04-25 22:16:29.436811','2021-04-25 22:16:29.436811',NULL,31,1,31,NULL,NULL,'3213ebae-7292-45cb-8c2d-bc622f08f206','dd7678a1-5920-4b44-acfd-187ce6cdb17e'),('98805d25-9e0b-44cf-b1d6-4362fbddcf22','2021-04-24 22:15:13.387131','2021-04-24 22:15:13.387131',NULL,1,1,1,NULL,NULL,'22f568ee-0c0c-47f2-bcfa-d064706ee8a5','aa154cc4-e167-46f9-a5f3-401ea0c5fe25'),('dc58c39b-2841-4e30-ac82-fa4a7f5afe66','2021-04-21 00:03:23.701222','2021-04-21 00:03:23.701222',NULL,50,1,50,NULL,NULL,'3213ebae-7292-45cb-8c2d-bc622f08f206','9d181ef1-f2e1-47df-b3bd-c1fae3dd1aa5'),('de25c14e-5bda-438b-9a90-a3ccefef76e4','2021-04-24 22:15:13.369791','2021-04-24 22:15:13.369791',NULL,100,1,100,NULL,NULL,'8fb0b040-937e-4396-8c49-9eb7276c3752','aa154cc4-e167-46f9-a5f3-401ea0c5fe25'),('fb03e449-3191-4a63-8b58-0df013d1d20c','2021-04-22 21:28:05.179074','2021-04-22 21:28:05.179074',NULL,31,4,124,NULL,NULL,'3213ebae-7292-45cb-8c2d-bc622f08f206','81d0a115-efd4-480f-8ee0-27af5865dece');
/*!40000 ALTER TABLE `invoice_benefits` ENABLE KEYS */;
UNLOCK TABLES;

--
-- Table structure for table `migrations`
--

DROP TABLE IF EXISTS `migrations`;
/*!40101 SET @saved_cs_client     = @@character_set_client */;
/*!50503 SET character_set_client = utf8mb4 */;
CREATE TABLE `migrations` (
  `id` int NOT NULL AUTO_INCREMENT,
  `timestamp` bigint NOT NULL,
  `name` varchar(255) COLLATE utf8mb4_general_ci NOT NULL,
  PRIMARY KEY (`id`)
) ENGINE=InnoDB AUTO_INCREMENT=3 DEFAULT CHARSET=utf8mb4 COLLATE=utf8mb4_general_ci;
/*!40101 SET character_set_client = @saved_cs_client */;

--
-- Dumping data for table `migrations`
--

LOCK TABLES `migrations` WRITE;
/*!40000 ALTER TABLE `migrations` DISABLE KEYS */;
INSERT INTO `migrations` VALUES (1,1570200270081,'CreateTables1570200270081'),(2,1570200490072,'SeedUsersRoles1570200490072');
/*!40000 ALTER TABLE `migrations` ENABLE KEYS */;
UNLOCK TABLES;

--
-- Table structure for table `nhi_authority`
--

DROP TABLE IF EXISTS `nhi_authority`;
/*!40101 SET @saved_cs_client     = @@character_set_client */;
/*!50503 SET character_set_client = utf8mb4 */;
CREATE TABLE `nhi_authority` (
  `name` varchar(255) COLLATE utf8mb4_general_ci NOT NULL,
  PRIMARY KEY (`name`)
) ENGINE=InnoDB DEFAULT CHARSET=utf8mb4 COLLATE=utf8mb4_general_ci;
/*!40101 SET character_set_client = @saved_cs_client */;

--
-- Dumping data for table `nhi_authority`
--

LOCK TABLES `nhi_authority` WRITE;
/*!40000 ALTER TABLE `nhi_authority` DISABLE KEYS */;
INSERT INTO `nhi_authority` VALUES ('ROLE_ADMIN'),('ROLE_COMPANY_ADMIN'),('ROLE_HOSPITAL_ADMIN'),('ROLE_USER');
/*!40000 ALTER TABLE `nhi_authority` ENABLE KEYS */;
UNLOCK TABLES;

--
-- Table structure for table `nhi_user`
--

DROP TABLE IF EXISTS `nhi_user`;
/*!40101 SET @saved_cs_client     = @@character_set_client */;
/*!50503 SET character_set_client = utf8mb4 */;
CREATE TABLE `nhi_user` (
  `id` varchar(36) COLLATE utf8mb4_general_ci NOT NULL,
  `createdDate` datetime(6) DEFAULT CURRENT_TIMESTAMP(6),
  `lastModifiedDate` datetime(6) DEFAULT CURRENT_TIMESTAMP(6),
  `login` varchar(255) COLLATE utf8mb4_general_ci NOT NULL,
  `firstName` varchar(255) COLLATE utf8mb4_general_ci DEFAULT NULL,
  `lastName` varchar(255) COLLATE utf8mb4_general_ci DEFAULT NULL,
  `email` varchar(255) COLLATE utf8mb4_general_ci NOT NULL,
  `activated` tinyint NOT NULL DEFAULT '0',
  `langKey` varchar(255) COLLATE utf8mb4_general_ci NOT NULL DEFAULT 'en',
  `password` varchar(255) COLLATE utf8mb4_general_ci NOT NULL,
  `imageUrl` varchar(255) COLLATE utf8mb4_general_ci DEFAULT NULL,
  `activationKey` varchar(255) COLLATE utf8mb4_general_ci DEFAULT NULL,
  `resetKey` varchar(255) COLLATE utf8mb4_general_ci DEFAULT NULL,
  `resetDate` datetime DEFAULT NULL,
  `createdById` varchar(36) COLLATE utf8mb4_general_ci DEFAULT NULL,
  `lastModifiedById` varchar(36) COLLATE utf8mb4_general_ci DEFAULT NULL,
  PRIMARY KEY (`id`),
  UNIQUE KEY `IDX_d8aceabd1bcefd45845b3f2da1` (`login`),
  KEY `FK_f510f1001b3b8eb7090cd374c60` (`createdById`),
  KEY `FK_e9ae9606e61a5e411f0103aa4b5` (`lastModifiedById`),
  CONSTRAINT `FK_e9ae9606e61a5e411f0103aa4b5` FOREIGN KEY (`lastModifiedById`) REFERENCES `nhi_user` (`id`),
  CONSTRAINT `FK_f510f1001b3b8eb7090cd374c60` FOREIGN KEY (`createdById`) REFERENCES `nhi_user` (`id`)
) ENGINE=InnoDB DEFAULT CHARSET=utf8mb4 COLLATE=utf8mb4_general_ci;
/*!40101 SET character_set_client = @saved_cs_client */;

--
-- Dumping data for table `nhi_user`
--

LOCK TABLES `nhi_user` WRITE;
/*!40000 ALTER TABLE `nhi_user` DISABLE KEYS */;
INSERT INTO `nhi_user` VALUES ('5525ad06-5571-4bb2-a0b9-4371ddd374e8','2021-04-20 23:23:20.256292','2021-04-21 23:31:34.000000','AL JASSER','مصحة الجسر','AL JASSER','info@aljsser.com.ly',1,'en','VPOtl52SYtOi3USJUx2vNAeCKN6/WNfNRlSrwdnytzM=',NULL,NULL,NULL,NULL,NULL,NULL),('625e3944-260e-47fe-b2b7-f8aab6e18b50','2021-04-18 14:39:30.322936','2021-04-18 14:39:30.322936','user','User','User','user@localhost.it',1,'en','VPOtl52SYtOi3USJUx2vNLIBklQFUmTpn6qGnaYdtlI=','',NULL,NULL,NULL,NULL,NULL),('8a5f30bb-e43e-47e6-8115-69da6ae5d371','2021-04-21 00:40:17.923022','2021-04-21 00:40:17.923022','al soror clink','مصحة السرور','al soror clink','info@soror.com.ly',1,'en','VPOtl52SYtOi3USJUx2vNPah9J8rKGJaoqeK7n6K6sg=',NULL,NULL,NULL,NULL,NULL,NULL),('8b6aa7de-5382-49cd-9b79-5d522c604849','2021-04-18 14:39:30.300341','2021-04-18 14:39:30.300341','system','System','System','system@localhost.it',1,'en','VPOtl52SYtOi3USJUx2vNMGElN/ZUcBh9tVNBKyAko4=','',NULL,NULL,NULL,NULL,NULL),('9bd4f470-9ef9-47db-9bdb-20a68ef1ed70','2021-04-20 02:19:06.278038','2021-04-20 02:19:06.278038','alshifa','الشفاء','alshifa','moh@s.com',1,'en','VPOtl52SYtOi3USJUx2vNE+6WvNgY3UZBTZ0uvKgiSo=',NULL,NULL,NULL,NULL,NULL,NULL),('a2e352a7-13b7-4133-b907-896f50822ec7','2021-04-22 00:03:30.681326','2021-04-22 00:03:30.681326','alaalden','علاء',NULL,'alaalden@gmail.com',1,'en','VPOtl52SYtOi3USJUx2vNBAxol4vAebVmqTszbLAr3g=',NULL,NULL,NULL,NULL,NULL,NULL),('a5d62ccc-df42-4f94-b112-91f55feb782c','2021-04-20 02:20:33.416504','2021-04-20 02:20:33.416504',';icundtb','هاىهنى',';icundtb','mohashaibi1@gmail.com',1,'en','VPOtl52SYtOi3USJUx2vNNxQM+cMG+qc28+4HFJokjY=',NULL,NULL,NULL,NULL,NULL,NULL),('c999ce37-a785-460c-9584-c024828c021d','2021-04-18 14:39:30.315901','2021-04-18 14:39:30.315901','admin','Administrator','Administrator','admin@localhost.it',1,'en','VPOtl52SYtOi3USJUx2vNE0+es3a+tEWQ1cg5XqcjS0=','',NULL,NULL,NULL,NULL,NULL),('e0395f8f-3740-489a-865f-9a123bc824fe','2021-04-20 23:20:58.274118','2021-04-21 23:32:25.000000','Libyan company of oil','الشركة الليبية للنفط','Libyan company of oil','info@lco.com.ly',1,'en','VPOtl52SYtOi3USJUx2vNPf4wlIFi0VKeLWquFVTW8dUSAS1q5liaHgzi6BJ4fGo',NULL,NULL,NULL,NULL,NULL,NULL),('f91933c1-c1d3-419b-9d94-e10acbdb072c','2021-04-18 14:39:30.311052','2021-04-18 14:39:30.311052','anonymoususer','Anonymous','User','anonymoususer@localhost.it',1,'en','VPOtl52SYtOi3USJUx2vNEhOqrE7KlKl/CvXkcs+r8Q=','',NULL,NULL,NULL,NULL,NULL),('fb306838-7089-42d4-831a-088d63945192','2021-04-21 00:44:57.398204','2021-04-21 00:44:57.398204','al foad','مصحة الفؤاد','al foad','info@soror.ly',1,'en','VPOtl52SYtOi3USJUx2vNI7X+UJvGpD1hJpaUpaLtJ8=',NULL,NULL,NULL,NULL,NULL,NULL);
/*!40000 ALTER TABLE `nhi_user` ENABLE KEYS */;
UNLOCK TABLES;

--
-- Table structure for table `nhi_user_authorities_nhi_authority`
--

DROP TABLE IF EXISTS `nhi_user_authorities_nhi_authority`;
/*!40101 SET @saved_cs_client     = @@character_set_client */;
/*!50503 SET character_set_client = utf8mb4 */;
CREATE TABLE `nhi_user_authorities_nhi_authority` (
  `nhiUserId` varchar(36) COLLATE utf8mb4_general_ci NOT NULL,
  `nhiAuthorityName` varchar(255) COLLATE utf8mb4_general_ci NOT NULL,
  PRIMARY KEY (`nhiUserId`,`nhiAuthorityName`),
  KEY `IDX_3b6eb9c8f909265a6a1deb485f` (`nhiUserId`),
  KEY `IDX_aa3b9b8435514f4bf7ac28e136` (`nhiAuthorityName`),
  CONSTRAINT `FK_3b6eb9c8f909265a6a1deb485f9` FOREIGN KEY (`nhiUserId`) REFERENCES `nhi_user` (`id`) ON DELETE CASCADE,
  CONSTRAINT `FK_aa3b9b8435514f4bf7ac28e136d` FOREIGN KEY (`nhiAuthorityName`) REFERENCES `nhi_authority` (`name`) ON DELETE CASCADE
) ENGINE=InnoDB DEFAULT CHARSET=utf8mb4 COLLATE=utf8mb4_general_ci;
/*!40101 SET character_set_client = @saved_cs_client */;

--
-- Dumping data for table `nhi_user_authorities_nhi_authority`
--

LOCK TABLES `nhi_user_authorities_nhi_authority` WRITE;
/*!40000 ALTER TABLE `nhi_user_authorities_nhi_authority` DISABLE KEYS */;
INSERT INTO `nhi_user_authorities_nhi_authority` VALUES ('5525ad06-5571-4bb2-a0b9-4371ddd374e8','ROLE_HOSPITAL_ADMIN'),('5525ad06-5571-4bb2-a0b9-4371ddd374e8','ROLE_USER'),('625e3944-260e-47fe-b2b7-f8aab6e18b50','ROLE_COMPANY_ADMIN'),('625e3944-260e-47fe-b2b7-f8aab6e18b50','ROLE_HOSPITAL_ADMIN'),('625e3944-260e-47fe-b2b7-f8aab6e18b50','ROLE_USER'),('8a5f30bb-e43e-47e6-8115-69da6ae5d371','ROLE_HOSPITAL_ADMIN'),('8a5f30bb-e43e-47e6-8115-69da6ae5d371','ROLE_USER'),('8b6aa7de-5382-49cd-9b79-5d522c604849','ROLE_ADMIN'),('8b6aa7de-5382-49cd-9b79-5d522c604849','ROLE_USER'),('9bd4f470-9ef9-47db-9bdb-20a68ef1ed70','ROLE_HOSPITAL_ADMIN'),('9bd4f470-9ef9-47db-9bdb-20a68ef1ed70','ROLE_USER'),('a2e352a7-13b7-4133-b907-896f50822ec7','ROLE_ADMIN'),('a2e352a7-13b7-4133-b907-896f50822ec7','ROLE_USER'),('a5d62ccc-df42-4f94-b112-91f55feb782c','ROLE_HOSPITAL_ADMIN'),('a5d62ccc-df42-4f94-b112-91f55feb782c','ROLE_USER'),('c999ce37-a785-460c-9584-c024828c021d','ROLE_ADMIN'),('c999ce37-a785-460c-9584-c024828c021d','ROLE_USER'),('e0395f8f-3740-489a-865f-9a123bc824fe','ROLE_COMPANY_ADMIN'),('e0395f8f-3740-489a-865f-9a123bc824fe','ROLE_USER'),('fb306838-7089-42d4-831a-088d63945192','ROLE_HOSPITAL_ADMIN'),('fb306838-7089-42d4-831a-088d63945192','ROLE_USER');
/*!40000 ALTER TABLE `nhi_user_authorities_nhi_authority` ENABLE KEYS */;
UNLOCK TABLES;

--
-- Table structure for table `pma__bookmark`
--

DROP TABLE IF EXISTS `pma__bookmark`;
/*!40101 SET @saved_cs_client     = @@character_set_client */;
/*!50503 SET character_set_client = utf8mb4 */;
CREATE TABLE `pma__bookmark` (
  `id` int unsigned NOT NULL AUTO_INCREMENT,
  `dbase` varchar(255) COLLATE utf8_bin NOT NULL DEFAULT '',
  `user` varchar(255) COLLATE utf8_bin NOT NULL DEFAULT '',
  `label` varchar(255) CHARACTER SET utf8 COLLATE utf8_general_ci NOT NULL DEFAULT '',
  `query` text COLLATE utf8_bin NOT NULL,
  PRIMARY KEY (`id`)
) ENGINE=InnoDB DEFAULT CHARSET=utf8 COLLATE=utf8_bin COMMENT='Bookmarks';
/*!40101 SET character_set_client = @saved_cs_client */;

--
-- Dumping data for table `pma__bookmark`
--

LOCK TABLES `pma__bookmark` WRITE;
/*!40000 ALTER TABLE `pma__bookmark` DISABLE KEYS */;
/*!40000 ALTER TABLE `pma__bookmark` ENABLE KEYS */;
UNLOCK TABLES;

--
-- Table structure for table `pma__central_columns`
--

DROP TABLE IF EXISTS `pma__central_columns`;
/*!40101 SET @saved_cs_client     = @@character_set_client */;
/*!50503 SET character_set_client = utf8mb4 */;
CREATE TABLE `pma__central_columns` (
  `db_name` varchar(64) COLLATE utf8_bin NOT NULL,
  `col_name` varchar(64) COLLATE utf8_bin NOT NULL,
  `col_type` varchar(64) COLLATE utf8_bin NOT NULL,
  `col_length` text COLLATE utf8_bin,
  `col_collation` varchar(64) COLLATE utf8_bin NOT NULL,
  `col_isNull` tinyint(1) NOT NULL,
  `col_extra` varchar(255) COLLATE utf8_bin DEFAULT '',
  `col_default` text COLLATE utf8_bin,
  PRIMARY KEY (`db_name`,`col_name`)
) ENGINE=InnoDB DEFAULT CHARSET=utf8 COLLATE=utf8_bin COMMENT='Central list of columns';
/*!40101 SET character_set_client = @saved_cs_client */;

--
-- Dumping data for table `pma__central_columns`
--

LOCK TABLES `pma__central_columns` WRITE;
/*!40000 ALTER TABLE `pma__central_columns` DISABLE KEYS */;
/*!40000 ALTER TABLE `pma__central_columns` ENABLE KEYS */;
UNLOCK TABLES;

--
-- Table structure for table `pma__column_info`
--

DROP TABLE IF EXISTS `pma__column_info`;
/*!40101 SET @saved_cs_client     = @@character_set_client */;
/*!50503 SET character_set_client = utf8mb4 */;
CREATE TABLE `pma__column_info` (
  `id` int unsigned NOT NULL AUTO_INCREMENT,
  `db_name` varchar(64) COLLATE utf8_bin NOT NULL DEFAULT '',
  `table_name` varchar(64) COLLATE utf8_bin NOT NULL DEFAULT '',
  `column_name` varchar(64) COLLATE utf8_bin NOT NULL DEFAULT '',
  `comment` varchar(255) CHARACTER SET utf8 COLLATE utf8_general_ci NOT NULL DEFAULT '',
  `mimetype` varchar(255) CHARACTER SET utf8 COLLATE utf8_general_ci NOT NULL DEFAULT '',
  `transformation` varchar(255) COLLATE utf8_bin NOT NULL DEFAULT '',
  `transformation_options` varchar(255) COLLATE utf8_bin NOT NULL DEFAULT '',
  `input_transformation` varchar(255) COLLATE utf8_bin NOT NULL DEFAULT '',
  `input_transformation_options` varchar(255) COLLATE utf8_bin NOT NULL DEFAULT '',
  PRIMARY KEY (`id`),
  UNIQUE KEY `db_name` (`db_name`,`table_name`,`column_name`)
) ENGINE=InnoDB DEFAULT CHARSET=utf8 COLLATE=utf8_bin COMMENT='Column information for phpMyAdmin';
/*!40101 SET character_set_client = @saved_cs_client */;

--
-- Dumping data for table `pma__column_info`
--

LOCK TABLES `pma__column_info` WRITE;
/*!40000 ALTER TABLE `pma__column_info` DISABLE KEYS */;
/*!40000 ALTER TABLE `pma__column_info` ENABLE KEYS */;
UNLOCK TABLES;

--
-- Table structure for table `pma__designer_settings`
--

DROP TABLE IF EXISTS `pma__designer_settings`;
/*!40101 SET @saved_cs_client     = @@character_set_client */;
/*!50503 SET character_set_client = utf8mb4 */;
CREATE TABLE `pma__designer_settings` (
  `username` varchar(64) COLLATE utf8_bin NOT NULL,
  `settings_data` text COLLATE utf8_bin NOT NULL,
  PRIMARY KEY (`username`)
) ENGINE=InnoDB DEFAULT CHARSET=utf8 COLLATE=utf8_bin COMMENT='Settings related to Designer';
/*!40101 SET character_set_client = @saved_cs_client */;

--
-- Dumping data for table `pma__designer_settings`
--

LOCK TABLES `pma__designer_settings` WRITE;
/*!40000 ALTER TABLE `pma__designer_settings` DISABLE KEYS */;
/*!40000 ALTER TABLE `pma__designer_settings` ENABLE KEYS */;
UNLOCK TABLES;

--
-- Table structure for table `pma__export_templates`
--

DROP TABLE IF EXISTS `pma__export_templates`;
/*!40101 SET @saved_cs_client     = @@character_set_client */;
/*!50503 SET character_set_client = utf8mb4 */;
CREATE TABLE `pma__export_templates` (
  `id` int unsigned NOT NULL AUTO_INCREMENT,
  `username` varchar(64) COLLATE utf8_bin NOT NULL,
  `export_type` varchar(10) COLLATE utf8_bin NOT NULL,
  `template_name` varchar(64) COLLATE utf8_bin NOT NULL,
  `template_data` text COLLATE utf8_bin NOT NULL,
  PRIMARY KEY (`id`),
  UNIQUE KEY `u_user_type_template` (`username`,`export_type`,`template_name`)
) ENGINE=InnoDB DEFAULT CHARSET=utf8 COLLATE=utf8_bin COMMENT='Saved export templates';
/*!40101 SET character_set_client = @saved_cs_client */;

--
-- Dumping data for table `pma__export_templates`
--

LOCK TABLES `pma__export_templates` WRITE;
/*!40000 ALTER TABLE `pma__export_templates` DISABLE KEYS */;
/*!40000 ALTER TABLE `pma__export_templates` ENABLE KEYS */;
UNLOCK TABLES;

--
-- Table structure for table `pma__favorite`
--

DROP TABLE IF EXISTS `pma__favorite`;
/*!40101 SET @saved_cs_client     = @@character_set_client */;
/*!50503 SET character_set_client = utf8mb4 */;
CREATE TABLE `pma__favorite` (
  `username` varchar(64) COLLATE utf8_bin NOT NULL,
  `tables` text COLLATE utf8_bin NOT NULL,
  PRIMARY KEY (`username`)
) ENGINE=InnoDB DEFAULT CHARSET=utf8 COLLATE=utf8_bin COMMENT='Favorite tables';
/*!40101 SET character_set_client = @saved_cs_client */;

--
-- Dumping data for table `pma__favorite`
--

LOCK TABLES `pma__favorite` WRITE;
/*!40000 ALTER TABLE `pma__favorite` DISABLE KEYS */;
/*!40000 ALTER TABLE `pma__favorite` ENABLE KEYS */;
UNLOCK TABLES;

--
-- Table structure for table `pma__history`
--

DROP TABLE IF EXISTS `pma__history`;
/*!40101 SET @saved_cs_client     = @@character_set_client */;
/*!50503 SET character_set_client = utf8mb4 */;
CREATE TABLE `pma__history` (
  `id` bigint unsigned NOT NULL AUTO_INCREMENT,
  `username` varchar(64) COLLATE utf8_bin NOT NULL DEFAULT '',
  `db` varchar(64) COLLATE utf8_bin NOT NULL DEFAULT '',
  `table` varchar(64) COLLATE utf8_bin NOT NULL DEFAULT '',
  `timevalue` timestamp NOT NULL DEFAULT CURRENT_TIMESTAMP,
  `sqlquery` text COLLATE utf8_bin NOT NULL,
  PRIMARY KEY (`id`),
  KEY `username` (`username`,`db`,`table`,`timevalue`)
) ENGINE=InnoDB DEFAULT CHARSET=utf8 COLLATE=utf8_bin COMMENT='SQL history for phpMyAdmin';
/*!40101 SET character_set_client = @saved_cs_client */;

--
-- Dumping data for table `pma__history`
--

LOCK TABLES `pma__history` WRITE;
/*!40000 ALTER TABLE `pma__history` DISABLE KEYS */;
/*!40000 ALTER TABLE `pma__history` ENABLE KEYS */;
UNLOCK TABLES;

--
-- Table structure for table `pma__navigationhiding`
--

DROP TABLE IF EXISTS `pma__navigationhiding`;
/*!40101 SET @saved_cs_client     = @@character_set_client */;
/*!50503 SET character_set_client = utf8mb4 */;
CREATE TABLE `pma__navigationhiding` (
  `username` varchar(64) COLLATE utf8_bin NOT NULL,
  `item_name` varchar(64) COLLATE utf8_bin NOT NULL,
  `item_type` varchar(64) COLLATE utf8_bin NOT NULL,
  `db_name` varchar(64) COLLATE utf8_bin NOT NULL,
  `table_name` varchar(64) COLLATE utf8_bin NOT NULL,
  PRIMARY KEY (`username`,`item_name`,`item_type`,`db_name`,`table_name`)
) ENGINE=InnoDB DEFAULT CHARSET=utf8 COLLATE=utf8_bin COMMENT='Hidden items of navigation tree';
/*!40101 SET character_set_client = @saved_cs_client */;

--
-- Dumping data for table `pma__navigationhiding`
--

LOCK TABLES `pma__navigationhiding` WRITE;
/*!40000 ALTER TABLE `pma__navigationhiding` DISABLE KEYS */;
/*!40000 ALTER TABLE `pma__navigationhiding` ENABLE KEYS */;
UNLOCK TABLES;

--
-- Table structure for table `pma__pdf_pages`
--

DROP TABLE IF EXISTS `pma__pdf_pages`;
/*!40101 SET @saved_cs_client     = @@character_set_client */;
/*!50503 SET character_set_client = utf8mb4 */;
CREATE TABLE `pma__pdf_pages` (
  `db_name` varchar(64) COLLATE utf8_bin NOT NULL DEFAULT '',
  `page_nr` int unsigned NOT NULL AUTO_INCREMENT,
  `page_descr` varchar(50) CHARACTER SET utf8 COLLATE utf8_general_ci NOT NULL DEFAULT '',
  PRIMARY KEY (`page_nr`),
  KEY `db_name` (`db_name`)
) ENGINE=InnoDB DEFAULT CHARSET=utf8 COLLATE=utf8_bin COMMENT='PDF relation pages for phpMyAdmin';
/*!40101 SET character_set_client = @saved_cs_client */;

--
-- Dumping data for table `pma__pdf_pages`
--

LOCK TABLES `pma__pdf_pages` WRITE;
/*!40000 ALTER TABLE `pma__pdf_pages` DISABLE KEYS */;
/*!40000 ALTER TABLE `pma__pdf_pages` ENABLE KEYS */;
UNLOCK TABLES;

--
-- Table structure for table `pma__recent`
--

DROP TABLE IF EXISTS `pma__recent`;
/*!40101 SET @saved_cs_client     = @@character_set_client */;
/*!50503 SET character_set_client = utf8mb4 */;
CREATE TABLE `pma__recent` (
  `username` varchar(64) COLLATE utf8_bin NOT NULL,
  `tables` text COLLATE utf8_bin NOT NULL,
  PRIMARY KEY (`username`)
) ENGINE=InnoDB DEFAULT CHARSET=utf8 COLLATE=utf8_bin COMMENT='Recently accessed tables';
/*!40101 SET character_set_client = @saved_cs_client */;

--
-- Dumping data for table `pma__recent`
--

LOCK TABLES `pma__recent` WRITE;
/*!40000 ALTER TABLE `pma__recent` DISABLE KEYS */;
INSERT INTO `pma__recent` VALUES ('dev','[{\"db\":\"alwasata_sahati\",\"table\":\"card\"}]');
/*!40000 ALTER TABLE `pma__recent` ENABLE KEYS */;
UNLOCK TABLES;

--
-- Table structure for table `pma__relation`
--

DROP TABLE IF EXISTS `pma__relation`;
/*!40101 SET @saved_cs_client     = @@character_set_client */;
/*!50503 SET character_set_client = utf8mb4 */;
CREATE TABLE `pma__relation` (
  `master_db` varchar(64) COLLATE utf8_bin NOT NULL DEFAULT '',
  `master_table` varchar(64) COLLATE utf8_bin NOT NULL DEFAULT '',
  `master_field` varchar(64) COLLATE utf8_bin NOT NULL DEFAULT '',
  `foreign_db` varchar(64) COLLATE utf8_bin NOT NULL DEFAULT '',
  `foreign_table` varchar(64) COLLATE utf8_bin NOT NULL DEFAULT '',
  `foreign_field` varchar(64) COLLATE utf8_bin NOT NULL DEFAULT '',
  PRIMARY KEY (`master_db`,`master_table`,`master_field`),
  KEY `foreign_field` (`foreign_db`,`foreign_table`)
) ENGINE=InnoDB DEFAULT CHARSET=utf8 COLLATE=utf8_bin COMMENT='Relation table';
/*!40101 SET character_set_client = @saved_cs_client */;

--
-- Dumping data for table `pma__relation`
--

LOCK TABLES `pma__relation` WRITE;
/*!40000 ALTER TABLE `pma__relation` DISABLE KEYS */;
/*!40000 ALTER TABLE `pma__relation` ENABLE KEYS */;
UNLOCK TABLES;

--
-- Table structure for table `pma__savedsearches`
--

DROP TABLE IF EXISTS `pma__savedsearches`;
/*!40101 SET @saved_cs_client     = @@character_set_client */;
/*!50503 SET character_set_client = utf8mb4 */;
CREATE TABLE `pma__savedsearches` (
  `id` int unsigned NOT NULL AUTO_INCREMENT,
  `username` varchar(64) COLLATE utf8_bin NOT NULL DEFAULT '',
  `db_name` varchar(64) COLLATE utf8_bin NOT NULL DEFAULT '',
  `search_name` varchar(64) COLLATE utf8_bin NOT NULL DEFAULT '',
  `search_data` text COLLATE utf8_bin NOT NULL,
  PRIMARY KEY (`id`),
  UNIQUE KEY `u_savedsearches_username_dbname` (`username`,`db_name`,`search_name`)
) ENGINE=InnoDB DEFAULT CHARSET=utf8 COLLATE=utf8_bin COMMENT='Saved searches';
/*!40101 SET character_set_client = @saved_cs_client */;

--
-- Dumping data for table `pma__savedsearches`
--

LOCK TABLES `pma__savedsearches` WRITE;
/*!40000 ALTER TABLE `pma__savedsearches` DISABLE KEYS */;
/*!40000 ALTER TABLE `pma__savedsearches` ENABLE KEYS */;
UNLOCK TABLES;

--
-- Table structure for table `pma__table_coords`
--

DROP TABLE IF EXISTS `pma__table_coords`;
/*!40101 SET @saved_cs_client     = @@character_set_client */;
/*!50503 SET character_set_client = utf8mb4 */;
CREATE TABLE `pma__table_coords` (
  `db_name` varchar(64) COLLATE utf8_bin NOT NULL DEFAULT '',
  `table_name` varchar(64) COLLATE utf8_bin NOT NULL DEFAULT '',
  `pdf_page_number` int NOT NULL DEFAULT '0',
  `x` float unsigned NOT NULL DEFAULT '0',
  `y` float unsigned NOT NULL DEFAULT '0',
  PRIMARY KEY (`db_name`,`table_name`,`pdf_page_number`)
) ENGINE=InnoDB DEFAULT CHARSET=utf8 COLLATE=utf8_bin COMMENT='Table coordinates for phpMyAdmin PDF output';
/*!40101 SET character_set_client = @saved_cs_client */;

--
-- Dumping data for table `pma__table_coords`
--

LOCK TABLES `pma__table_coords` WRITE;
/*!40000 ALTER TABLE `pma__table_coords` DISABLE KEYS */;
/*!40000 ALTER TABLE `pma__table_coords` ENABLE KEYS */;
UNLOCK TABLES;

--
-- Table structure for table `pma__table_info`
--

DROP TABLE IF EXISTS `pma__table_info`;
/*!40101 SET @saved_cs_client     = @@character_set_client */;
/*!50503 SET character_set_client = utf8mb4 */;
CREATE TABLE `pma__table_info` (
  `db_name` varchar(64) COLLATE utf8_bin NOT NULL DEFAULT '',
  `table_name` varchar(64) COLLATE utf8_bin NOT NULL DEFAULT '',
  `display_field` varchar(64) COLLATE utf8_bin NOT NULL DEFAULT '',
  PRIMARY KEY (`db_name`,`table_name`)
) ENGINE=InnoDB DEFAULT CHARSET=utf8 COLLATE=utf8_bin COMMENT='Table information for phpMyAdmin';
/*!40101 SET character_set_client = @saved_cs_client */;

--
-- Dumping data for table `pma__table_info`
--

LOCK TABLES `pma__table_info` WRITE;
/*!40000 ALTER TABLE `pma__table_info` DISABLE KEYS */;
/*!40000 ALTER TABLE `pma__table_info` ENABLE KEYS */;
UNLOCK TABLES;

--
-- Table structure for table `pma__table_uiprefs`
--

DROP TABLE IF EXISTS `pma__table_uiprefs`;
/*!40101 SET @saved_cs_client     = @@character_set_client */;
/*!50503 SET character_set_client = utf8mb4 */;
CREATE TABLE `pma__table_uiprefs` (
  `username` varchar(64) COLLATE utf8_bin NOT NULL,
  `db_name` varchar(64) COLLATE utf8_bin NOT NULL,
  `table_name` varchar(64) COLLATE utf8_bin NOT NULL,
  `prefs` text COLLATE utf8_bin NOT NULL,
  `last_update` timestamp NOT NULL DEFAULT CURRENT_TIMESTAMP ON UPDATE CURRENT_TIMESTAMP,
  PRIMARY KEY (`username`,`db_name`,`table_name`)
) ENGINE=InnoDB DEFAULT CHARSET=utf8 COLLATE=utf8_bin COMMENT='Tables'' UI preferences';
/*!40101 SET character_set_client = @saved_cs_client */;

--
-- Dumping data for table `pma__table_uiprefs`
--

LOCK TABLES `pma__table_uiprefs` WRITE;
/*!40000 ALTER TABLE `pma__table_uiprefs` DISABLE KEYS */;
/*!40000 ALTER TABLE `pma__table_uiprefs` ENABLE KEYS */;
UNLOCK TABLES;

--
-- Table structure for table `pma__tracking`
--

DROP TABLE IF EXISTS `pma__tracking`;
/*!40101 SET @saved_cs_client     = @@character_set_client */;
/*!50503 SET character_set_client = utf8mb4 */;
CREATE TABLE `pma__tracking` (
  `db_name` varchar(64) COLLATE utf8_bin NOT NULL,
  `table_name` varchar(64) COLLATE utf8_bin NOT NULL,
  `version` int unsigned NOT NULL,
  `date_created` datetime NOT NULL,
  `date_updated` datetime NOT NULL,
  `schema_snapshot` text COLLATE utf8_bin NOT NULL,
  `schema_sql` text COLLATE utf8_bin,
  `data_sql` longtext COLLATE utf8_bin,
  `tracking` set('UPDATE','REPLACE','INSERT','DELETE','TRUNCATE','CREATE DATABASE','ALTER DATABASE','DROP DATABASE','CREATE TABLE','ALTER TABLE','RENAME TABLE','DROP TABLE','CREATE INDEX','DROP INDEX','CREATE VIEW','ALTER VIEW','DROP VIEW') COLLATE utf8_bin DEFAULT NULL,
  `tracking_active` int unsigned NOT NULL DEFAULT '1',
  PRIMARY KEY (`db_name`,`table_name`,`version`)
) ENGINE=InnoDB DEFAULT CHARSET=utf8 COLLATE=utf8_bin COMMENT='Database changes tracking for phpMyAdmin';
/*!40101 SET character_set_client = @saved_cs_client */;

--
-- Dumping data for table `pma__tracking`
--

LOCK TABLES `pma__tracking` WRITE;
/*!40000 ALTER TABLE `pma__tracking` DISABLE KEYS */;
/*!40000 ALTER TABLE `pma__tracking` ENABLE KEYS */;
UNLOCK TABLES;

--
-- Table structure for table `pma__userconfig`
--

DROP TABLE IF EXISTS `pma__userconfig`;
/*!40101 SET @saved_cs_client     = @@character_set_client */;
/*!50503 SET character_set_client = utf8mb4 */;
CREATE TABLE `pma__userconfig` (
  `username` varchar(64) COLLATE utf8_bin NOT NULL,
  `timevalue` timestamp NOT NULL DEFAULT CURRENT_TIMESTAMP ON UPDATE CURRENT_TIMESTAMP,
  `config_data` text COLLATE utf8_bin NOT NULL,
  PRIMARY KEY (`username`)
) ENGINE=InnoDB DEFAULT CHARSET=utf8 COLLATE=utf8_bin COMMENT='User preferences storage for phpMyAdmin';
/*!40101 SET character_set_client = @saved_cs_client */;

--
-- Dumping data for table `pma__userconfig`
--

LOCK TABLES `pma__userconfig` WRITE;
/*!40000 ALTER TABLE `pma__userconfig` DISABLE KEYS */;
INSERT INTO `pma__userconfig` VALUES ('dev','2021-04-08 18:40:41','{\"Console\\/Mode\":\"collapse\"}');
/*!40000 ALTER TABLE `pma__userconfig` ENABLE KEYS */;
UNLOCK TABLES;

--
-- Table structure for table `pma__usergroups`
--

DROP TABLE IF EXISTS `pma__usergroups`;
/*!40101 SET @saved_cs_client     = @@character_set_client */;
/*!50503 SET character_set_client = utf8mb4 */;
CREATE TABLE `pma__usergroups` (
  `usergroup` varchar(64) COLLATE utf8_bin NOT NULL,
  `tab` varchar(64) COLLATE utf8_bin NOT NULL,
  `allowed` enum('Y','N') COLLATE utf8_bin NOT NULL DEFAULT 'N',
  PRIMARY KEY (`usergroup`,`tab`,`allowed`)
) ENGINE=InnoDB DEFAULT CHARSET=utf8 COLLATE=utf8_bin COMMENT='User groups with configured menu items';
/*!40101 SET character_set_client = @saved_cs_client */;

--
-- Dumping data for table `pma__usergroups`
--

LOCK TABLES `pma__usergroups` WRITE;
/*!40000 ALTER TABLE `pma__usergroups` DISABLE KEYS */;
/*!40000 ALTER TABLE `pma__usergroups` ENABLE KEYS */;
UNLOCK TABLES;

--
-- Table structure for table `pma__users`
--

DROP TABLE IF EXISTS `pma__users`;
/*!40101 SET @saved_cs_client     = @@character_set_client */;
/*!50503 SET character_set_client = utf8mb4 */;
CREATE TABLE `pma__users` (
  `username` varchar(64) COLLATE utf8_bin NOT NULL,
  `usergroup` varchar(64) COLLATE utf8_bin NOT NULL,
  PRIMARY KEY (`username`,`usergroup`)
) ENGINE=InnoDB DEFAULT CHARSET=utf8 COLLATE=utf8_bin COMMENT='Users and their assignments to user groups';
/*!40101 SET character_set_client = @saved_cs_client */;

--
-- Dumping data for table `pma__users`
--

LOCK TABLES `pma__users` WRITE;
/*!40000 ALTER TABLE `pma__users` DISABLE KEYS */;
/*!40000 ALTER TABLE `pma__users` ENABLE KEYS */;
UNLOCK TABLES;

--
-- Table structure for table `setting`
--

DROP TABLE IF EXISTS `setting`;
/*!40101 SET @saved_cs_client     = @@character_set_client */;
/*!50503 SET character_set_client = utf8mb4 */;
CREATE TABLE `setting` (
  `id` varchar(36) COLLATE utf8mb4_general_ci NOT NULL,
  `createdDate` datetime(6) DEFAULT CURRENT_TIMESTAMP(6),
  `lastModifiedDate` datetime(6) DEFAULT CURRENT_TIMESTAMP(6),
  `jhi_key` varchar(255) COLLATE utf8mb4_general_ci DEFAULT NULL,
  `value` varchar(255) COLLATE utf8mb4_general_ci DEFAULT NULL,
  `createdById` varchar(36) COLLATE utf8mb4_general_ci DEFAULT NULL,
  `lastModifiedById` varchar(36) COLLATE utf8mb4_general_ci DEFAULT NULL,
  PRIMARY KEY (`id`),
  KEY `FK_e252256fb52d31b4e6be961c5fd` (`createdById`),
  KEY `FK_6a059f1acdcffeee22ad8796829` (`lastModifiedById`),
  CONSTRAINT `FK_6a059f1acdcffeee22ad8796829` FOREIGN KEY (`lastModifiedById`) REFERENCES `nhi_user` (`id`),
  CONSTRAINT `FK_e252256fb52d31b4e6be961c5fd` FOREIGN KEY (`createdById`) REFERENCES `nhi_user` (`id`)
) ENGINE=InnoDB DEFAULT CHARSET=utf8mb4 COLLATE=utf8mb4_general_ci;
/*!40101 SET character_set_client = @saved_cs_client */;

--
-- Dumping data for table `setting`
--

LOCK TABLES `setting` WRITE;
/*!40000 ALTER TABLE `setting` DISABLE KEYS */;
INSERT INTO `setting` VALUES ('06da620b-5e74-4408-9bc5-96281f26feb6','2021-04-18 14:39:30.275473','2021-04-18 14:39:30.275473','points','1',NULL,NULL);
/*!40000 ALTER TABLE `setting` ENABLE KEYS */;
UNLOCK TABLES;
/*!40103 SET TIME_ZONE=@OLD_TIME_ZONE */;

/*!40101 SET SQL_MODE=@OLD_SQL_MODE */;
/*!40014 SET FOREIGN_KEY_CHECKS=@OLD_FOREIGN_KEY_CHECKS */;
/*!40014 SET UNIQUE_CHECKS=@OLD_UNIQUE_CHECKS */;
/*!40101 SET CHARACTER_SET_CLIENT=@OLD_CHARACTER_SET_CLIENT */;
/*!40101 SET CHARACTER_SET_RESULTS=@OLD_CHARACTER_SET_RESULTS */;
/*!40101 SET COLLATION_CONNECTION=@OLD_COLLATION_CONNECTION */;
/*!40111 SET SQL_NOTES=@OLD_SQL_NOTES */;

-- Dump completed on 2021-04-29  0:31:59
